Time,Tank_1,Tank_2,Tank_3,Tank_4,Tank_5,Tank_6,Tank_7,Tank_8,Pump_1,Pump_2,Pump_3,Pump_4,Pump_5,Pump_6,Flow_sensor_1,Flow_sensor_2,Flow_sensor_3,Flow_sensor_4,Valv_1,Valv_2,Valv_3,Valv_4,Valv_5,Valv_6,Valv_7,Valv_8,Valv_9,Valv_10,Valv_11,Valv_12,Valv_13,Valv_14,Valv_15,Valv_16,Valv_17,Valv_18,Valv_19,Valv_20,Valv_21,Valv_22
09/04/2021 18:59,1767,1065,851,33,0,72,458,297,0,1,0,0,1,1,4000,1,0,0,0,0,0,0,0,0,0,0,0,1,1,1,0,0,0,0,1,0,0,0,0,0
09/04/2021 18:59,1798,1055,855,30,0,72,458,297,0,1,0,0,1,1,4000,1,0,0,0,0,0,0,0,0,0,0,0,1,1,1,0,0,0,0,1,0,0,0,0,0
09/04/2021 18:59,1818,1039,866,31,1,64,458,305,0,1,0,0,1,1,4000,1,0,0,0,0,0,0,0,0,0,0,0,1,1,1,0,0,0,0,1,0,0,0,0,0
09/04/2021 18:59,1850,1029,869,32,1,56,458,313,0,1,0,0,1,1,4000,1,0,0,0,0,0,0,0,0,0,0,0,1,1,1,0,0,0,0,1,0,0,0,0,0
09/04/2021 18:59,1887,1014,882,32,1,56,458,321,0,1,0,0,1,1,4000,1,0,0,0,0,0,0,0,0,0,0,0,1,1,1,0,0,0,0,1,0,0,0,0,0
09/04/2021 18:59,1916,1001,886,29,1,40,458,329,0,1,0,0,1,1,4000,1,0,0,0,0,0,0,0,0,0,0,0,1,1,1,0,0,0,0,1,0,0,0,0,0
09/04/2021 18:59,1941,988,894,33,0,40,458,337,0,1,0,0,1,1,4000,1,0,0,0,0,0,0,0,0,0,0,0,1,1,1,0,0,0,0,1,0,0,0,0,0
09/04/2021 18:59,1959,977,900,30,1,32,458,345,0,1,0,1,1,1,4000,1,0,0,0,0,0,0,0,0,0,0,0,1,1,1,0,0,0,0,1,0,0,0,0,0
09/04/2021 18:59,1980,964,909,31,13,23,458,353,0,1,0,1,1,1,4000,1,0,0,0,0,0,0,0,0,0,0,0,1,1,1,0,0,0,0,1,0,0,0,0,0
09/04/2021 18:59,1979,951,918,32,72,7,458,353,0,0,0,1,1,1,4000,1,0,0,0,0,0,0,0,0,0,0,0,1,1,1,0,0,0,0,1,0,0,0,0,0
09/04/2021 18:59,1967,940,923,32,91,7,458,361,0,0,0,1,1,1,4000,1,0,0,0,0,0,0,0,0,0,0,0,1,1,1,0,0,0,0,1,0,0,0,0,0
09/04/2021 18:59,1951,925,929,31,119,0,458,369,0,0,0,1,1,1,4000,1,0,0,0,0,0,0,0,0,0,0,0,1,1,1,0,0,0,0,1,0,0,0,0,0
09/04/2021 18:59,1936,915,936,32,147,0,458,369,0,0,0,1,0,1,4000,1,0,0,0,0,0,0,0,0,0,0,0,1,1,1,0,0,0,0,1,0,0,0,0,0
09/04/2021 18:59,1919,898,944,32,168,0,458,377,0,0,0,1,0,1,0,1,0,0,0,0,0,0,0,0,0,0,0,1,1,1,0,0,0,0,1,0,0,0,0,0
09/04/2021 19:00,1907,887,950,31,178,0,450,385,0,0,0,1,0,1,0,1,0,0,0,0,0,0,0,0,0,0,0,1,1,1,0,0,0,0,1,0,0,0,0,0
09/04/2021 19:00,1888,873,957,32,210,0,434,393,0,0,0,1,0,1,0,1,0,0,0,0,0,0,0,0,0,0,0,1,1,1,0,0,0,0,1,0,0,0,0,0
09/04/2021 19:00,1874,861,966,32,218,0,434,401,0,0,0,1,0,1,0,1,0,0,0,0,0,0,0,0,0,0,0,1,1,1,0,0,0,0,1,0,0,0,0,0
09/04/2021 19:00,1856,848,970,31,226,0,426,401,0,0,0,1,0,1,0,1,0,0,0,0,0,0,0,0,0,0,0,1,1,1,0,0,0,0,1,0,0,0,0,0
09/04/2021 19:00,1843,836,978,31,248,0,418,409,0,0,0,1,0,1,0,1,0,0,0,0,0,0,0,0,0,0,0,1,1,1,0,0,0,0,1,0,0,0,0,0
09/04/2021 19:00,1832,825,984,31,258,0,418,417,0,0,0,1,0,1,0,1,0,0,0,0,0,0,0,0,0,0,0,1,1,1,0,0,0,0,1,0,0,0,0,0
09/04/2021 19:00,1816,810,994,31,272,0,402,425,0,0,0,1,0,1,0,1,0,0,0,0,0,0,0,0,0,0,0,1,1,1,0,0,0,0,1,0,0,0,0,0
09/04/2021 19:00,1800,798,999,30,278,0,393,434,0,0,0,1,0,1,0,1,0,0,0,0,0,0,0,0,0,0,0,1,1,1,0,0,0,0,1,0,0,0,0,0
09/04/2021 19:00,1783,784,1004,32,313,0,385,442,0,0,0,1,0,1,0,1,0,0,0,0,0,0,0,0,0,0,0,1,1,1,0,0,0,0,1,0,0,0,0,0
09/04/2021 19:00,1767,774,1014,30,331,0,385,450,0,0,0,1,0,1,0,1,0,0,0,0,0,0,0,0,0,0,0,1,1,1,0,0,0,0,1,0,0,0,0,0
09/04/2021 19:00,1752,757,1020,30,320,0,369,458,0,0,0,1,0,1,0,1,0,0,0,0,0,0,0,0,0,0,0,1,1,1,0,0,0,0,1,0,0,0,0,0
09/04/2021 19:00,1740,748,1023,31,348,0,369,458,0,0,0,1,0,1,0,1,0,0,0,0,0,0,0,0,0,0,0,1,1,1,0,0,0,0,1,0,0,0,0,0
09/04/2021 19:00,1718,733,1032,31,359,0,361,466,0,0,0,1,0,1,0,1,0,0,0,0,0,0,0,0,0,0,0,1,1,1,0,0,0,0,1,0,0,0,0,0
09/04/2021 19:00,1708,721,1039,31,353,0,353,474,0,0,0,1,0,1,0,1,0,0,0,0,0,0,0,0,0,0,0,1,1,1,0,0,0,0,1,0,0,0,0,0
09/04/2021 19:00,1693,711,1044,31,385,0,345,482,0,0,0,1,0,1,0,1,0,0,0,0,0,0,0,0,0,0,0,1,1,1,0,0,0,0,1,0,0,0,0,0
09/04/2021 19:00,1678,694,1051,30,399,0,345,490,0,0,0,1,0,1,0,1,0,0,0,0,0,0,0,0,0,0,0,1,1,1,0,0,0,0,1,0,0,0,0,0
09/04/2021 19:00,1664,686,1057,31,407,0,329,498,0,0,0,1,0,1,0,1,0,0,0,0,0,0,0,0,0,0,0,1,1,1,0,0,0,0,1,0,0,0,0,0
09/04/2021 19:00,1645,670,1065,31,424,0,321,506,0,0,0,1,0,0,0,1,0,0,0,0,0,0,0,0,0,0,0,1,1,1,0,0,0,0,1,0,0,0,0,1
09/04/2021 19:00,1634,660,1072,32,437,0,321,506,0,0,0,1,0,0,0,0,0,0,0,0,0,0,0,0,0,0,0,1,1,1,0,0,0,0,1,0,0,0,0,1
09/04/2021 19:00,1615,646,1081,32,453,0,321,496,0,0,0,1,0,1,0,1,0,4784,0,0,0,0,0,0,0,0,0,1,1,1,0,0,0,0,1,0,0,0,0,1
09/04/2021 19:00,1604,633,1085,30,469,0,321,494,0,0,0,1,0,1,0,1,0,4775,0,0,0,0,0,0,0,0,0,1,1,1,0,0,0,0,1,0,0,0,0,1
09/04/2021 19:00,1585,618,1090,31,475,0,305,492,0,0,0,1,0,1,0,1,0,4765,0,0,0,0,0,0,0,0,0,1,1,1,0,0,0,0,1,0,0,0,0,1
09/04/2021 19:00,1570,608,1098,31,485,0,305,490,0,0,0,1,0,1,0,1,0,4765,0,0,0,0,0,0,0,0,0,1,1,1,0,0,0,0,1,0,0,0,0,1
09/04/2021 19:00,1554,594,1102,32,504,0,297,490,0,0,0,1,0,1,0,1,0,4756,0,0,0,0,0,0,0,0,0,1,1,1,0,0,0,0,1,0,0,0,0,1
09/04/2021 19:00,1539,583,1112,31,520,0,289,488,0,0,0,1,0,1,0,1,0,4747,0,0,0,0,0,0,0,0,0,1,1,1,0,0,0,0,1,0,0,0,0,1
09/04/2021 19:00,1528,571,1116,30,512,0,281,486,0,0,0,1,0,1,0,1,0,4738,0,0,0,0,0,0,0,0,0,1,1,1,0,0,0,0,1,0,0,0,0,1
09/04/2021 19:00,1511,555,1124,30,542,0,281,484,0,0,0,1,0,1,0,1,0,4738,0,0,0,0,0,0,0,0,0,1,1,1,0,0,0,0,1,0,0,0,0,1
09/04/2021 19:00,1496,546,1130,32,557,0,273,484,0,0,0,1,0,1,0,1,0,4729,0,0,0,0,0,0,0,0,0,1,1,1,0,0,0,0,1,0,0,0,0,1
09/04/2021 19:00,1478,529,1139,31,558,0,273,483,0,0,0,1,0,1,0,1,0,4720,0,0,0,0,0,0,0,0,0,1,1,1,0,0,0,0,1,0,0,0,0,1
09/04/2021 19:00,1467,517,1143,32,580,0,257,481,0,0,0,1,0,1,0,1,0,4711,0,0,0,0,0,0,0,0,0,1,1,1,0,0,0,0,1,0,0,0,0,1
09/04/2021 19:00,1451,503,1151,31,584,0,249,479,0,0,0,1,0,1,0,1,0,4702,0,0,0,0,0,0,0,0,0,1,1,1,0,0,0,0,1,0,0,0,0,1
09/04/2021 19:00,1435,492,1155,30,589,0,249,477,0,0,0,1,0,1,0,1,0,4702,0,0,0,0,0,0,0,0,0,1,1,1,0,0,0,0,1,0,0,0,0,1
09/04/2021 19:00,1418,475,1162,31,604,0,241,477,0,0,0,1,0,1,0,1,0,4694,0,0,0,0,0,0,0,0,0,1,1,1,0,0,0,0,1,0,0,0,0,1
09/04/2021 19:00,1405,465,1171,31,616,0,233,475,0,0,0,1,0,1,0,1,0,4685,0,0,0,0,0,0,0,0,0,1,1,1,0,0,0,0,1,0,0,0,0,1
09/04/2021 19:00,1393,453,1176,32,618,0,233,474,0,0,0,1,0,1,0,1,0,4677,0,0,0,0,0,0,0,0,0,1,1,1,0,0,0,0,1,0,0,0,0,1
09/04/2021 19:00,1374,435,1184,31,642,0,225,472,0,0,0,1,0,1,0,1,0,4668,0,0,0,0,0,0,0,0,0,1,1,1,0,0,0,0,1,0,0,0,0,1
09/04/2021 19:00,1361,424,1190,32,642,0,225,472,0,0,0,1,0,1,0,1,0,4668,0,0,0,0,0,0,0,0,0,1,1,1,0,0,0,0,1,0,0,0,0,1
09/04/2021 19:00,1347,409,1196,33,665,0,209,470,0,0,0,1,0,1,0,1,0,4668,0,0,0,0,0,0,0,0,0,1,1,1,0,0,0,0,1,0,0,0,0,1
09/04/2021 19:00,1332,395,1196,31,681,0,209,468,0,0,0,1,0,1,0,1,0,4660,0,0,0,0,0,0,0,0,0,1,1,1,0,0,0,0,1,0,0,0,0,1
09/04/2021 19:00,1316,379,1206,31,690,0,201,468,0,0,0,1,0,1,0,1,0,4651,0,0,0,0,0,0,0,0,0,1,1,1,0,0,0,0,1,0,0,0,0,1
09/04/2021 19:00,1301,366,1214,31,707,0,192,467,0,0,0,1,0,1,0,1,0,4643,0,0,0,0,0,0,0,0,0,1,1,1,0,0,0,0,1,0,0,0,0,1
09/04/2021 19:00,1285,349,1217,30,716,0,184,465,0,0,0,1,0,1,0,1,0,4635,0,0,0,0,0,0,0,0,0,1,1,1,0,0,0,0,1,0,0,0,0,1
09/04/2021 19:00,1272,335,1222,31,731,0,184,465,0,0,0,1,0,1,0,1,0,4635,0,0,0,0,0,0,0,0,0,1,1,1,0,0,0,0,1,0,0,0,0,1
09/04/2021 19:00,1260,322,1228,31,745,0,176,463,0,0,0,1,0,1,0,1,0,4635,0,0,0,0,0,0,0,0,0,1,1,1,0,0,0,0,1,0,0,0,0,1
09/04/2021 19:00,1244,304,1236,33,748,0,168,462,0,0,0,1,0,1,0,1,0,4627,0,0,0,0,0,0,0,0,0,1,1,1,0,0,0,0,1,0,0,0,0,1
09/04/2021 19:00,1229,289,1238,31,766,0,168,462,0,0,0,1,0,1,0,1,0,4619,0,0,0,0,0,0,0,0,0,1,1,1,0,0,0,0,1,0,0,0,0,1
09/04/2021 19:00,1212,270,1248,32,775,0,160,460,0,0,0,1,0,1,0,1,0,4611,0,0,0,0,0,0,0,0,0,1,1,1,0,0,0,0,1,0,0,0,0,1
09/04/2021 19:00,1200,255,1250,31,790,0,152,459,0,0,0,1,0,1,0,1,0,4603,0,0,0,0,0,0,0,0,0,1,1,1,0,0,0,0,1,0,0,0,0,1
09/04/2021 19:00,1183,235,1257,31,807,0,152,457,0,0,0,1,0,1,0,1,0,4595,0,0,0,0,0,0,0,0,0,1,1,1,0,0,0,0,1,0,0,0,0,1
09/04/2021 19:00,1170,217,1264,32,811,0,144,455,0,0,0,1,0,1,0,1,0,4595,0,0,0,0,0,0,0,0,0,1,1,1,0,0,0,0,1,0,0,1,0,1
09/04/2021 19:00,1153,195,1268,32,823,0,144,455,0,0,0,1,0,1,0,1,0,4587,0,0,0,0,0,0,0,0,0,1,1,1,0,0,0,0,1,0,0,1,0,1
09/04/2021 19:00,1139,177,1274,32,824,0,128,454,0,0,0,0,0,1,0,1,0,4579,0,0,0,0,0,0,0,0,0,1,1,1,0,0,0,0,1,1,0,1,0,1
09/04/2021 19:00,1130,157,1277,36,824,0,120,452,0,0,0,0,0,1,0,1,0,4572,0,0,0,0,0,0,0,0,0,1,1,1,0,0,0,0,1,1,0,1,0,1
09/04/2021 19:00,1123,128,1283,74,819,0,120,451,0,0,0,0,0,1,0,1,0,4572,0,0,0,0,0,0,0,0,0,1,1,1,0,0,0,0,1,1,0,1,0,1
09/04/2021 19:00,1112,102,1290,119,816,0,112,451,0,0,0,0,0,1,0,1,0,4564,0,0,0,0,0,0,0,0,0,1,1,1,0,0,0,0,1,1,0,1,0,1
09/04/2021 19:00,1095,63,1297,162,812,0,104,449,0,0,0,0,0,1,0,1,0,4557,0,0,0,0,0,0,0,0,0,1,1,1,0,0,0,0,1,1,0,1,0,1
09/04/2021 19:00,1083,30,1299,189,808,0,104,448,0,0,0,0,0,1,0,1,0,4549,0,0,0,0,0,0,0,0,0,1,1,1,0,0,0,0,1,1,0,1,0,1
09/04/2021 19:00,1067,1,1299,225,804,7,88,446,0,0,0,0,0,1,0,1,0,4549,0,0,0,0,0,0,0,0,0,1,1,1,0,0,0,0,0,1,0,1,0,1
09/04/2021 19:00,1056,1,1282,250,799,7,88,446,0,0,0,0,0,1,0,1,0,4542,0,0,0,0,0,0,0,0,0,1,1,1,0,0,0,0,0,1,0,1,0,1
09/04/2021 19:00,1039,2,1268,284,796,14,80,445,0,0,0,0,0,1,0,1,0,4542,0,0,0,0,0,0,0,0,0,1,1,1,0,0,0,0,0,1,0,1,0,1
09/04/2021 19:01,1027,1,1256,310,791,14,80,444,0,0,0,0,0,1,0,1,0,4527,0,0,0,0,0,0,0,0,0,1,1,1,0,0,0,0,0,1,0,1,0,1
09/04/2021 19:01,1010,2,1245,333,786,25,64,442,0,0,0,0,0,1,0,1,0,4527,0,0,0,0,0,0,0,0,0,1,1,1,0,0,0,0,0,1,0,1,0,1
09/04/2021 19:01,999,1,1228,365,781,25,64,441,0,0,0,0,0,1,0,1,0,4520,0,0,0,0,0,0,0,0,0,1,1,1,0,0,0,0,0,1,0,1,0,1
09/04/2021 19:01,987,1,1215,390,777,34,56,441,0,0,0,0,0,1,0,1,0,4513,0,0,0,0,0,0,0,0,0,1,1,1,0,0,0,0,0,1,0,1,0,1
09/04/2021 19:01,970,1,1197,411,773,39,48,439,0,0,0,0,0,1,0,1,0,4506,0,0,0,0,0,0,0,0,0,1,1,1,1,1,1,0,0,1,0,1,0,1
09/04/2021 19:01,959,1,1183,423,769,39,48,438,0,0,0,0,0,1,4000,1,0,4506,0,0,0,0,0,0,0,0,0,1,1,1,1,1,1,0,0,1,0,1,0,1
09/04/2021 19:01,943,2,1165,436,764,45,40,438,0,0,0,0,0,1,4000,1,0,4499,0,0,0,0,0,0,0,0,0,1,1,1,1,1,1,0,0,1,0,1,0,1
09/04/2021 19:01,930,2,1151,449,760,53,32,437,0,0,0,0,0,1,4000,1,0,4492,0,0,0,0,0,0,0,0,0,1,1,1,1,1,1,0,0,1,0,1,0,1
09/04/2021 19:01,915,2,1134,463,755,53,32,435,0,0,0,0,0,1,4000,1,0,4485,0,0,0,0,0,0,0,0,0,1,1,1,1,1,1,0,0,1,0,1,0,1
09/04/2021 19:01,903,2,1120,475,750,59,24,434,0,0,0,0,0,1,4000,1,0,4485,0,0,0,0,0,0,0,0,0,1,1,1,1,1,1,0,0,1,0,1,0,1
09/04/2021 19:01,886,2,1103,486,747,64,8,434,0,0,0,0,0,1,4000,1,0,4478,0,0,0,0,0,0,0,0,0,1,1,1,1,1,1,0,0,1,0,1,0,1
09/04/2021 19:01,874,2,1090,501,742,64,8,433,0,0,0,0,0,1,4000,1,0,4471,0,0,0,0,0,0,0,0,0,1,1,1,1,1,1,0,0,1,0,1,0,1
09/04/2021 19:01,863,2,1076,513,738,72,0,431,0,0,0,0,0,1,4000,1,0,4465,0,0,0,0,0,0,0,0,0,1,1,1,1,1,1,0,0,1,0,1,0,1
09/04/2021 19:01,846,2,1058,528,733,80,0,422,0,0,0,0,0,0,4000,1,0,4465,0,0,0,0,0,0,0,0,0,1,1,1,1,1,1,0,0,1,0,1,0,1
09/04/2021 19:01,835,2,1044,539,729,80,0,413,0,0,0,0,0,0,4000,0,0,4370,0,0,0,0,0,0,0,0,0,1,1,1,1,1,1,0,0,1,0,1,0,1
09/04/2021 19:01,819,2,1026,555,723,87,0,404,0,0,0,0,0,0,4000,0,0,4322,0,0,0,0,0,0,0,0,0,1,1,1,1,1,1,0,0,1,0,1,0,1
09/04/2021 19:01,806,2,1014,565,720,93,0,404,0,0,0,0,0,0,4000,0,0,4274,0,0,0,0,0,0,0,0,0,1,1,1,1,1,1,0,0,1,0,1,0,1
09/04/2021 19:01,791,2,996,581,715,93,0,395,0,0,0,0,0,0,4000,0,0,4274,0,0,0,0,0,0,0,0,0,1,1,1,1,1,1,0,0,1,0,1,0,1
09/04/2021 19:01,778,2,983,592,711,99,0,386,0,0,0,0,0,0,4000,0,0,4227,0,0,0,0,0,0,0,0,0,1,1,1,1,1,1,0,0,1,0,1,0,1
09/04/2021 19:01,762,3,965,607,708,107,0,377,0,0,0,0,0,0,4000,0,0,4179,0,0,0,0,0,0,0,0,0,1,1,1,1,1,1,0,0,1,0,1,0,1
09/04/2021 19:01,751,2,952,616,702,107,0,369,0,0,0,0,0,0,4000,0,0,4132,0,0,0,0,0,0,0,0,0,1,1,1,1,1,1,0,0,1,0,1,0,1
09/04/2021 19:01,735,2,938,629,698,107,0,369,0,0,0,0,0,0,4000,0,0,4132,0,0,0,0,0,0,0,0,0,1,1,1,1,1,1,0,0,1,0,1,0,1
09/04/2021 19:01,723,2,922,644,693,114,0,360,0,0,0,0,0,0,4000,0,0,4084,0,0,0,0,0,0,0,0,0,1,1,1,1,1,1,0,0,1,0,1,0,1
09/04/2021 19:01,712,2,910,654,689,124,0,352,0,0,0,0,0,0,4000,0,0,4036,0,0,0,0,0,0,0,0,0,1,1,1,1,1,1,0,0,1,0,1,0,1
09/04/2021 19:01,696,2,892,670,684,124,0,352,0,0,0,0,0,0,4000,0,0,3989,0,0,0,0,0,0,0,0,0,1,1,1,1,1,1,0,0,1,0,1,0,1
09/04/2021 19:01,684,2,879,680,682,130,0,343,0,0,0,0,0,0,4000,0,0,3941,0,0,0,0,0,0,0,0,0,1,1,1,1,1,1,0,0,1,0,1,0,1
09/04/2021 19:01,668,2,863,694,676,137,0,335,0,0,0,0,0,0,4000,0,0,3894,0,0,0,0,0,0,0,0,0,1,1,1,1,1,1,0,0,1,0,1,0,1
09/04/2021 19:01,656,2,850,705,673,137,0,327,0,0,0,0,0,0,4000,0,0,3894,0,0,0,0,0,0,0,0,0,1,1,1,1,1,1,0,0,1,0,1,0,1
09/04/2021 19:01,641,2,832,719,669,142,0,319,0,0,0,0,0,0,4000,0,0,3846,0,0,0,0,0,0,0,0,0,1,1,1,1,1,1,0,0,1,0,1,0,1
09/04/2021 19:01,630,2,820,731,665,149,0,311,0,0,0,0,0,0,4000,0,0,3798,0,0,0,0,0,0,0,0,0,1,1,1,1,1,1,0,0,1,0,1,0,1
09/04/2021 19:01,612,2,807,741,661,149,0,303,0,0,0,0,0,0,4000,0,0,3751,0,0,0,0,0,0,0,0,0,1,1,1,1,1,1,0,0,1,0,1,0,1
09/04/2021 19:01,602,3,790,756,656,155,0,303,0,0,0,0,0,0,4000,0,0,3703,0,0,0,0,0,0,0,0,0,1,1,1,1,1,1,0,0,1,0,1,0,1
09/04/2021 19:01,589,2,778,766,653,161,0,295,0,0,0,0,0,0,4000,0,0,3656,0,0,0,0,0,0,0,0,0,1,1,1,1,1,1,0,0,1,0,1,0,1
09/04/2021 19:01,572,2,760,779,648,161,0,288,0,0,0,0,0,0,4000,0,0,3656,0,0,0,0,0,0,0,0,0,1,1,1,1,1,1,0,0,1,0,1,0,1
09/04/2021 19:01,561,2,748,790,644,167,0,280,0,0,0,0,0,0,4000,0,0,3608,0,0,0,0,0,0,0,0,0,1,1,1,1,1,1,0,0,1,0,1,0,1
09/04/2021 19:01,544,3,731,804,640,174,0,273,0,0,0,0,0,0,4000,0,0,3560,0,0,0,0,0,0,0,0,0,1,1,1,1,1,1,0,0,1,0,1,0,1
09/04/2021 19:01,532,2,718,813,636,174,0,265,0,0,0,0,0,0,4000,0,0,3513,0,0,0,0,0,0,0,0,0,1,1,1,1,1,1,0,0,1,0,1,0,1
09/04/2021 19:01,515,2,701,829,631,180,0,258,0,0,0,0,0,0,4000,0,0,3465,0,0,0,0,0,0,0,0,0,1,1,1,1,1,1,0,0,1,0,1,0,1
09/04/2021 19:01,503,2,688,839,628,186,0,258,0,0,0,0,0,0,4000,0,0,3417,0,0,0,0,0,0,0,0,0,1,1,1,1,1,1,0,0,1,0,1,0,1
09/04/2021 19:01,486,3,670,848,625,186,0,251,0,0,0,0,0,0,4000,0,0,3370,0,0,0,0,0,0,0,0,0,1,1,1,1,1,1,0,0,1,0,1,0,1
09/04/2021 19:01,473,2,657,863,619,192,0,244,0,0,0,0,0,0,4000,0,0,3322,0,0,0,0,0,0,0,0,0,1,1,1,1,1,1,0,0,1,0,1,0,1
09/04/2021 19:01,460,2,645,872,616,198,0,237,0,0,0,0,0,0,4000,0,0,3322,0,0,0,0,0,0,0,0,0,1,1,1,1,1,1,0,0,1,0,1,0,1
09/04/2021 19:01,442,3,628,887,612,198,0,230,0,0,0,0,0,0,4000,0,0,3274,0,0,0,0,0,0,0,0,0,1,1,1,1,1,1,0,0,1,0,1,0,1
09/04/2021 19:01,430,2,616,895,608,198,0,230,0,0,0,0,0,0,4000,0,0,3227,0,0,0,0,0,0,0,0,0,1,1,1,1,1,1,0,0,1,0,1,0,1
09/04/2021 19:01,411,2,598,907,603,204,0,216,0,0,0,0,0,0,4000,0,0,3179,0,0,0,0,0,0,0,0,0,1,1,1,1,1,1,0,0,1,0,1,0,1
09/04/2021 19:01,397,3,585,919,599,213,0,210,0,0,0,0,0,0,4000,0,0,3131,0,0,0,0,0,0,0,0,0,1,1,1,1,1,1,0,0,1,0,1,0,1
09/04/2021 19:01,378,2,569,930,595,213,0,203,0,0,0,0,0,0,4000,0,0,3084,0,0,0,0,0,0,0,0,0,1,1,1,1,1,1,0,0,1,0,1,0,1
09/04/2021 19:01,364,2,556,939,591,220,0,203,0,0,0,0,0,0,4000,0,0,3036,0,0,0,0,0,0,0,0,0,1,1,1,1,1,1,0,0,1,0,1,0,1
09/04/2021 19:01,345,2,540,953,587,225,0,197,0,0,0,0,0,0,4000,0,0,3036,0,0,0,0,0,0,0,0,0,1,1,1,1,1,1,0,0,1,0,1,0,1
09/04/2021 19:01,329,2,527,962,582,225,0,191,0,0,0,0,0,0,4000,0,0,2988,0,0,0,0,0,0,0,0,0,1,1,1,1,1,1,0,0,1,0,1,0,1
09/04/2021 19:01,308,3,515,971,579,232,0,185,0,0,0,0,0,0,4000,0,0,2988,0,0,0,0,0,0,0,0,0,1,1,1,1,1,1,0,0,1,0,1,0,1
09/04/2021 19:01,292,2,497,984,574,239,0,179,0,0,0,0,0,0,4000,0,0,2941,0,0,0,0,0,0,0,0,0,1,1,1,1,1,1,0,0,1,0,1,0,1
09/04/2021 19:01,275,2,485,994,570,239,0,173,0,0,0,0,0,0,4000,0,0,2893,0,0,0,0,0,0,0,0,0,1,1,1,1,1,1,0,0,1,0,1,0,1
09/04/2021 19:01,251,2,469,1006,566,245,0,167,0,0,0,0,0,0,4000,0,0,2845,0,0,0,0,0,0,0,0,0,1,1,1,1,1,1,0,0,1,0,1,0,1
09/04/2021 19:01,231,3,456,1015,562,251,0,167,0,0,0,0,0,0,4000,0,0,2797,0,0,0,0,0,0,0,0,0,1,1,1,1,1,1,0,0,1,0,1,0,1
09/04/2021 19:01,201,3,440,1026,557,251,0,161,0,0,0,0,0,0,4000,0,0,2750,0,0,0,0,0,0,0,0,0,1,1,1,1,1,1,0,0,1,0,1,0,1
09/04/2021 19:01,178,2,428,1037,554,258,0,155,0,0,0,0,0,0,4000,0,0,2702,0,0,0,0,0,0,0,0,0,1,1,1,1,1,1,0,0,1,0,1,0,1
09/04/2021 19:01,138,3,411,1050,549,263,0,150,0,0,0,0,0,0,4000,0,0,2702,0,0,0,0,0,0,0,0,0,1,1,1,1,1,1,0,0,1,0,1,0,1
09/04/2021 19:01,106,3,399,1057,545,263,0,144,0,0,0,0,0,0,4000,0,0,2654,0,0,0,0,0,0,0,0,0,1,1,1,1,1,1,0,0,1,0,1,0,1
09/04/2021 19:01,56,2,386,1066,543,269,0,139,0,0,0,0,0,0,4000,0,0,2606,0,0,0,0,0,0,0,0,0,1,1,1,1,1,1,0,0,1,0,1,0,1
09/04/2021 19:02,15,2,368,1079,538,276,0,134,0,0,0,0,0,0,4000,0,0,2559,0,0,0,0,0,0,0,0,0,1,1,1,1,1,1,0,0,1,0,1,0,1
09/04/2021 19:02,0,3,356,1075,534,276,0,134,0,0,0,0,0,0,4000,0,0,2511,0,0,0,0,0,0,0,0,0,1,1,1,1,1,1,0,0,0,0,1,0,1
09/04/2021 19:02,0,2,339,1062,529,281,0,129,0,0,0,0,0,0,4000,0,0,2463,0,0,0,0,0,0,0,0,0,1,1,1,1,1,1,0,0,0,0,1,0,1
09/04/2021 19:02,0,3,326,1052,526,287,0,124,0,0,0,0,0,0,4000,0,0,2415,0,0,0,0,0,0,0,0,0,1,1,1,1,1,1,0,0,0,0,1,0,1
09/04/2021 19:02,0,3,308,1035,521,287,0,119,0,0,0,0,0,0,4000,0,0,2415,0,0,0,0,0,0,0,0,0,1,1,1,1,1,1,0,0,0,0,1,0,1
09/04/2021 19:02,0,2,295,1025,517,293,0,114,0,0,0,0,0,0,4000,0,0,2368,0,0,0,0,0,0,0,0,0,1,1,1,1,1,1,0,0,0,0,1,0,1
09/04/2021 19:02,0,3,276,1014,513,300,0,109,0,0,0,0,0,0,0,0,0,2320,0,0,0,0,0,0,0,0,0,1,1,1,1,1,1,0,0,0,0,1,0,1
09/04/2021 19:02,0,2,263,1000,508,300,0,104,0,0,0,0,0,0,0,0,0,2272,0,0,0,0,0,0,0,0,0,1,1,1,1,1,1,0,0,0,0,1,0,1
09/04/2021 19:02,0,3,244,987,505,306,0,104,0,0,0,0,0,0,0,0,0,2224,0,0,0,0,0,0,0,0,0,1,1,1,1,1,1,0,0,0,0,1,0,1
09/04/2021 19:02,0,3,230,978,501,312,0,100,0,0,0,0,0,0,0,0,0,2176,0,0,0,0,0,0,0,0,0,1,1,1,1,1,1,0,0,0,0,1,0,1
09/04/2021 19:02,0,2,216,967,497,312,0,95,0,0,0,0,0,0,0,0,0,2128,0,0,0,0,0,0,0,0,0,1,1,1,1,1,1,0,0,0,0,1,0,1
09/04/2021 19:02,0,2,195,952,492,319,0,91,0,0,0,0,0,0,0,0,0,2081,0,0,0,0,0,0,0,0,0,1,1,1,1,1,1,0,0,0,0,1,0,1
09/04/2021 19:02,0,3,179,942,489,325,0,87,0,0,0,0,0,0,0,0,0,2033,0,0,0,0,0,0,0,0,0,1,1,1,1,1,1,0,0,0,0,1,0,1
09/04/2021 19:02,1,2,157,932,484,325,0,83,0,0,0,0,0,0,0,0,0,1985,0,0,0,0,0,0,0,0,0,1,1,1,1,1,1,0,0,0,0,1,0,1
09/04/2021 19:02,0,2,139,921,481,332,0,78,0,0,0,0,0,0,0,0,0,1937,0,0,0,0,0,0,0,0,0,1,1,1,1,1,1,0,0,0,0,1,0,1
09/04/2021 19:02,0,3,113,908,476,332,0,78,0,0,0,0,0,0,0,0,0,1937,0,0,0,0,0,0,0,0,0,1,1,1,1,1,1,0,0,0,0,1,0,1
09/04/2021 19:02,0,2,88,896,472,337,0,75,0,0,0,0,0,0,0,0,0,1937,0,0,0,0,0,0,0,0,0,1,1,1,1,1,1,0,0,0,0,1,0,1
09/04/2021 19:02,1,3,42,883,469,337,0,71,0,0,0,0,0,0,0,0,0,1889,0,0,0,0,0,0,0,0,0,1,1,1,1,1,1,0,0,0,0,1,0,1
09/04/2021 19:02,0,3,8,872,463,347,0,67,1,0,0,0,0,0,0,0,0,1841,0,0,0,0,0,0,0,0,0,0,0,0,1,1,1,0,0,0,0,1,0,1
09/04/2021 19:02,0,2,6,863,461,354,0,63,1,0,0,0,0,0,0,0,0,1793,0,0,0,0,0,0,0,0,0,0,0,0,1,1,1,0,0,0,0,1,0,1
09/04/2021 19:02,0,3,6,849,455,354,0,60,1,0,0,0,0,0,0,0,0,1745,0,0,0,0,0,0,0,0,0,0,0,0,1,1,1,0,0,0,0,1,0,1
09/04/2021 19:02,0,72,5,839,451,360,0,60,1,0,0,0,0,0,0,0,0,1697,0,0,0,0,0,0,0,0,0,0,0,0,1,1,1,0,0,0,0,1,0,1
09/04/2021 19:02,0,134,6,825,448,366,0,56,1,0,0,0,0,0,0,0,0,1649,0,0,0,0,0,0,0,0,0,0,0,0,1,1,1,0,0,0,0,1,0,1
09/04/2021 19:02,1,182,5,815,443,366,0,53,1,0,0,0,0,0,0,0,0,1601,0,0,0,0,0,0,0,0,0,0,0,0,1,1,1,0,0,0,0,1,0,1
09/04/2021 19:02,1,223,6,802,439,371,0,53,1,0,0,0,0,0,0,0,0,1553,0,0,0,0,0,0,0,0,0,0,0,0,1,1,1,0,0,0,0,1,0,1
09/04/2021 19:02,1,248,6,792,435,378,0,50,1,0,0,0,0,0,0,0,0,1505,0,0,0,0,0,0,0,0,0,0,0,0,1,1,1,0,0,0,0,1,0,1
09/04/2021 19:02,1,290,6,778,432,378,0,46,1,0,0,0,0,0,0,0,0,1457,0,0,0,0,0,0,0,0,0,0,0,0,1,1,1,0,0,0,0,1,0,1
09/04/2021 19:02,0,313,6,767,427,384,0,43,1,0,0,0,0,0,0,0,0,1457,0,0,0,0,0,0,0,0,0,0,0,0,1,1,1,0,0,0,0,1,0,1
09/04/2021 19:02,1,341,5,757,424,390,0,40,1,0,0,0,0,0,0,0,0,1409,0,0,0,0,0,0,0,0,0,0,0,0,1,1,1,0,0,0,0,1,0,1
09/04/2021 19:02,0,366,6,742,417,390,0,38,1,0,0,0,0,0,0,0,0,1361,0,0,0,0,0,0,0,0,0,0,0,0,1,1,1,0,0,0,0,1,0,1
09/04/2021 19:02,1,403,6,732,414,398,0,35,1,0,0,0,0,0,0,0,0,1361,0,0,0,0,0,0,0,0,0,0,0,0,1,1,1,0,0,0,0,1,0,1
09/04/2021 19:02,2,421,6,718,410,404,0,32,1,0,0,0,0,0,0,0,0,1312,0,0,0,0,0,0,0,0,0,0,0,0,1,1,1,0,0,0,0,1,0,1
09/04/2021 19:02,1,441,5,708,407,404,0,30,1,0,0,0,0,0,0,0,0,1264,0,0,0,0,0,0,0,0,0,0,0,0,1,1,1,0,0,0,0,1,0,1
09/04/2021 19:02,0,474,7,694,402,410,0,27,1,0,0,0,0,0,0,0,0,1168,0,0,0,0,0,0,0,0,0,0,0,0,1,1,1,0,0,0,0,1,0,1
09/04/2021 19:02,0,492,6,683,398,416,0,27,1,0,0,0,0,0,0,0,0,1168,0,0,0,0,0,0,0,0,0,0,0,0,1,1,1,0,0,0,0,1,0,1
09/04/2021 19:02,1,520,6,669,393,416,0,25,1,0,0,0,0,0,0,0,0,1119,0,0,0,0,0,0,0,0,0,0,0,0,1,1,1,0,0,0,0,1,0,1
09/04/2021 19:02,1,538,6,658,389,423,0,23,1,0,0,0,0,0,0,0,0,1071,0,0,0,0,0,0,0,0,0,0,0,0,1,1,1,0,0,0,0,1,0,1
09/04/2021 19:02,2,570,6,649,386,423,0,23,1,0,0,0,0,0,0,0,0,1023,0,0,0,0,0,0,0,0,0,0,0,0,1,1,1,0,0,0,0,1,0,1
09/04/2021 19:02,0,590,5,633,380,430,0,21,1,0,0,0,0,0,0,0,0,974,0,0,0,0,0,0,0,0,0,0,0,0,1,1,1,0,0,0,0,1,0,1
09/04/2021 19:02,1,614,6,623,377,436,0,18,1,0,0,0,0,0,0,0,0,974,0,0,0,0,0,0,0,0,0,0,0,0,1,1,1,0,0,0,0,1,0,1
09/04/2021 19:02,0,628,7,610,372,436,0,17,1,0,0,0,0,0,0,0,0,926,0,0,0,0,0,0,0,0,0,0,0,0,1,1,1,0,0,0,0,1,0,1
09/04/2021 19:02,1,668,5,600,368,443,0,15,1,0,0,0,0,0,0,0,0,877,0,0,0,0,0,0,0,0,0,0,0,0,1,1,1,0,0,0,0,1,0,1
09/04/2021 19:02,2,694,7,584,362,449,0,13,1,0,0,0,0,0,0,0,0,828,0,0,0,0,0,0,0,0,0,0,0,0,1,1,1,0,0,0,0,1,0,1
09/04/2021 19:02,1,712,6,575,360,449,0,11,1,0,0,0,0,0,0,0,0,828,0,0,0,0,0,0,0,0,0,0,0,0,1,1,1,0,0,0,0,1,0,1
09/04/2021 19:02,1,738,6,561,355,456,0,11,1,0,0,0,0,0,0,0,0,780,0,0,0,0,0,0,0,0,0,0,0,0,1,1,1,0,0,0,0,1,0,1
09/04/2021 19:02,1,750,6,550,351,461,0,10,1,0,0,0,1,0,0,0,0,731,0,0,0,0,0,0,0,0,0,0,0,0,1,1,1,0,0,0,0,1,0,1
09/04/2021 19:02,1,782,6,536,347,461,0,10,1,0,0,0,1,0,4000,0,0,682,0,0,0,0,0,0,0,0,0,0,0,0,1,1,1,0,0,0,0,1,0,1
09/04/2021 19:02,1,806,7,525,342,458,16,8,1,0,0,0,1,0,4000,0,0,633,0,0,0,0,0,0,0,0,0,0,0,0,1,1,1,0,0,0,0,1,0,1
09/04/2021 19:02,1,821,7,516,338,458,16,7,1,0,0,0,1,0,4000,0,0,633,0,0,0,0,0,0,0,0,0,0,0,0,1,1,1,0,0,0,0,1,0,1
09/04/2021 19:02,2,842,7,503,334,458,24,6,1,0,0,0,1,0,4000,0,0,583,0,0,0,0,0,0,0,0,0,0,0,0,1,1,1,0,0,0,0,1,0,1
09/04/2021 19:02,2,870,6,493,328,449,24,6,1,0,0,0,1,0,4000,0,0,534,0,0,0,0,0,0,0,0,0,0,0,0,1,1,1,0,0,0,0,1,0,1
09/04/2021 19:02,1,885,6,477,324,447,32,4,1,0,0,0,1,0,4000,0,0,534,0,0,0,0,0,0,0,0,0,0,0,0,1,1,1,0,0,0,0,1,0,1
09/04/2021 19:02,2,920,7,469,321,447,48,3,1,0,0,0,1,0,4000,0,0,484,0,0,0,0,0,0,0,0,0,0,0,0,1,1,1,0,0,0,0,1,0,1
09/04/2021 19:02,2,945,8,455,315,446,48,3,1,0,0,0,1,0,4000,0,0,434,0,0,0,0,0,0,0,0,0,0,0,0,1,1,1,0,0,0,0,1,0,1
09/04/2021 19:02,1,974,6,445,311,447,56,2,1,0,0,0,1,0,4000,0,0,384,0,0,0,0,0,0,0,0,0,0,0,0,1,1,1,0,0,0,0,1,0,1
09/04/2021 19:02,1,991,8,430,306,447,56,1,1,0,0,0,1,0,4000,0,0,334,0,0,0,0,0,0,0,0,0,0,0,0,1,1,1,0,0,0,0,1,0,1
09/04/2021 19:02,1,1004,6,421,301,445,64,1,1,0,0,0,1,0,4000,0,0,334,0,0,0,0,0,0,0,0,0,0,0,0,1,1,1,0,0,0,0,1,0,1
09/04/2021 19:02,0,1034,7,410,298,445,64,1,1,0,0,0,1,0,4000,0,0,282,0,0,0,0,0,0,0,0,0,0,0,0,1,1,1,0,0,0,0,1,0,1
09/04/2021 19:02,2,1056,7,396,293,436,80,0,1,0,0,0,1,0,4000,0,0,230,0,0,0,0,0,0,0,0,0,0,0,0,1,1,1,0,0,0,0,1,0,1
09/04/2021 19:02,1,1088,7,388,289,436,80,0,1,0,0,0,1,0,4000,0,0,230,0,0,0,0,0,0,0,0,0,0,0,0,1,1,1,0,0,0,0,1,0,1
09/04/2021 19:03,2,1108,5,374,284,434,88,0,1,0,0,0,1,0,4000,0,0,177,0,0,0,0,0,0,0,0,0,0,0,0,1,1,1,0,0,0,0,1,0,1
09/04/2021 19:03,1,1122,7,362,280,434,88,0,1,0,0,0,1,0,4000,0,0,120,0,0,0,0,0,0,0,0,0,0,0,0,1,1,1,0,0,0,0,1,0,1
09/04/2021 19:03,0,1146,6,349,274,437,96,0,1,0,0,0,1,0,4000,0,0,33,0,0,0,0,0,0,0,0,0,0,0,0,1,1,1,0,0,0,0,1,0,1
09/04/2021 19:03,0,1176,7,338,270,437,112,0,1,0,0,0,1,0,4000,0,0,33,0,0,0,0,0,0,0,0,0,0,0,0,1,1,1,0,0,0,0,1,0,0
09/04/2021 19:03,1,1203,6,323,264,437,112,0,1,0,0,0,1,0,4000,0,0,33,0,0,0,0,0,0,0,0,0,0,0,0,1,1,1,0,0,0,0,1,0,0
09/04/2021 19:03,1,1206,7,312,261,428,120,0,1,0,0,0,1,0,4000,0,0,0,0,0,0,0,0,0,0,0,0,0,0,0,1,1,1,0,0,0,0,1,0,0
09/04/2021 19:03,3,1235,6,302,256,427,120,0,1,0,0,0,1,0,4000,0,0,0,0,0,0,0,0,0,0,0,0,0,0,0,1,1,1,0,0,0,0,1,0,0
09/04/2021 19:03,2,1258,5,287,251,427,136,0,1,0,0,0,1,0,4000,0,0,0,0,0,0,0,0,0,0,0,0,0,0,0,1,1,1,0,0,0,0,1,0,0
09/04/2021 19:03,1,1278,6,276,246,427,136,0,1,0,0,0,1,0,4000,0,0,0,0,0,0,0,0,0,0,0,0,0,0,0,1,1,1,0,0,0,0,1,0,0
09/04/2021 19:03,1,1299,6,260,240,418,144,0,1,0,0,0,1,0,4000,0,0,0,0,0,0,0,0,0,0,0,0,0,0,0,1,1,1,0,0,0,0,1,0,0
09/04/2021 19:03,2,1332,7,248,237,418,160,0,1,0,0,0,1,0,4000,0,0,0,0,0,0,0,0,0,0,0,0,0,0,0,1,1,1,0,0,0,0,1,0,0
09/04/2021 19:03,2,1342,6,232,230,418,160,0,1,0,0,0,1,0,4000,0,0,0,0,0,0,0,0,0,0,0,0,0,0,0,1,1,1,0,0,0,0,1,0,0
09/04/2021 19:03,2,1376,7,221,226,417,168,0,1,0,0,0,1,0,4000,0,0,0,0,0,0,0,0,0,0,0,0,0,0,0,1,1,1,0,0,0,0,1,0,0
09/04/2021 19:03,2,1397,7,203,220,417,168,0,1,0,0,0,1,0,4000,0,0,0,0,0,0,0,0,0,0,0,0,0,0,0,1,1,1,0,0,0,0,1,0,0
09/04/2021 19:03,1,1409,7,189,215,409,184,0,1,0,0,0,1,0,4000,0,0,0,0,0,0,0,0,0,0,0,0,0,0,0,1,1,1,0,0,0,0,1,0,0
09/04/2021 19:03,3,1441,7,178,211,409,184,0,1,0,0,0,1,0,4000,0,0,0,0,0,0,0,0,0,0,0,0,0,0,0,1,1,1,0,0,0,0,1,0,0
09/04/2021 19:03,0,1464,6,161,205,409,201,0,1,0,0,0,1,0,4000,0,0,0,0,0,0,0,0,0,0,0,0,0,0,0,1,1,1,0,0,0,0,1,0,0
09/04/2021 19:03,2,1484,7,150,201,404,201,0,1,0,0,0,1,0,4000,0,0,0,0,0,0,0,0,0,0,0,0,0,0,0,1,1,1,0,0,0,0,1,0,0
09/04/2021 19:03,1,1509,7,133,193,404,209,0,1,0,0,0,1,0,4000,0,0,0,0,0,0,0,0,0,0,0,0,0,0,0,1,1,1,0,0,0,0,1,0,0
09/04/2021 19:03,1,1538,8,120,189,403,209,0,1,0,0,0,1,0,4000,0,0,0,0,0,0,0,0,0,0,0,0,0,0,0,1,1,1,0,0,0,0,1,0,0
09/04/2021 19:03,2,1552,7,97,182,405,225,0,1,0,0,0,1,0,4000,0,0,0,0,0,0,0,0,0,0,0,0,0,0,0,1,1,1,0,0,0,0,1,0,0
09/04/2021 19:03,1,1580,7,80,177,405,233,0,1,0,0,0,1,0,4000,0,0,0,0,0,0,0,0,0,0,0,0,0,0,0,1,1,1,0,0,0,0,1,0,0
09/04/2021 19:03,1,1599,6,50,170,398,233,0,1,0,0,0,1,0,4000,0,0,0,0,0,0,0,0,0,0,0,0,0,0,0,1,1,1,0,0,0,0,1,0,0
09/04/2021 19:03,2,1618,7,23,164,398,249,0,1,0,0,0,1,0,4000,0,0,0,0,0,0,0,0,0,0,0,0,0,0,0,1,1,1,0,0,0,0,1,0,0
09/04/2021 19:03,2,1649,6,11,159,400,249,0,1,0,0,0,1,0,4000,0,0,0,0,0,0,0,0,0,0,0,0,0,0,0,0,0,0,0,0,0,0,1,0,0
09/04/2021 19:03,2,1675,7,14,152,401,257,0,1,0,0,0,1,0,4000,0,0,0,0,0,0,0,0,0,0,0,0,0,0,0,0,0,0,0,0,0,0,1,0,0
09/04/2021 19:03,1,1683,6,15,146,401,265,0,1,0,0,0,1,0,4000,0,0,0,0,0,0,0,0,0,0,0,0,0,0,0,0,0,0,0,0,0,0,1,0,0
09/04/2021 19:03,2,1721,7,17,138,395,273,0,1,0,0,0,1,0,4000,0,0,0,0,0,0,0,0,0,0,0,0,0,0,0,0,0,0,0,0,0,0,1,0,0
09/04/2021 19:03,1,1742,7,18,132,397,281,0,1,0,0,0,1,0,4000,0,0,0,0,0,0,0,0,0,0,0,0,0,0,0,0,0,0,0,0,0,0,1,0,0
09/04/2021 19:03,2,1769,7,19,124,397,281,0,1,0,0,0,1,0,4000,0,0,0,0,0,0,0,0,0,0,0,0,0,0,0,0,0,0,0,0,0,0,1,0,0
09/04/2021 19:03,1,1796,7,20,117,401,297,0,1,0,0,0,1,0,4000,0,0,0,0,0,0,0,0,0,0,0,0,0,0,0,0,0,0,0,0,0,0,1,0,0
09/04/2021 19:03,2,1798,6,23,108,395,305,0,1,0,0,0,1,0,4000,0,0,0,0,0,0,0,0,0,0,0,0,0,0,0,0,0,0,0,0,0,0,1,0,0
09/04/2021 19:03,3,1835,7,22,100,395,305,0,1,0,0,0,1,0,4000,0,0,0,0,0,0,0,0,0,0,0,0,0,0,0,0,0,0,0,0,0,0,1,0,0
09/04/2021 19:03,2,1850,7,26,89,402,321,0,1,0,0,0,1,0,4000,0,0,0,0,0,0,0,0,0,0,0,0,0,0,0,0,0,0,0,0,0,0,1,0,0
09/04/2021 19:03,2,1878,6,26,80,409,321,0,1,0,0,0,1,0,4000,0,0,0,0,0,0,0,0,0,0,0,0,0,0,0,0,0,0,0,0,0,0,1,0,0
09/04/2021 19:03,2,1900,7,27,69,409,329,0,1,0,0,0,1,0,4000,0,0,0,0,0,0,0,0,0,0,0,0,0,0,0,0,0,0,0,0,0,0,1,0,0
09/04/2021 19:03,2,1929,7,28,52,411,329,0,1,0,0,0,1,0,4000,0,0,0,0,0,0,0,0,0,0,0,0,0,0,0,0,0,0,0,0,0,0,1,0,0
09/04/2021 19:03,2,1941,9,27,38,411,337,0,1,0,0,0,1,0,4000,0,0,0,0,0,0,0,0,0,0,0,0,0,0,0,0,0,0,0,1,0,0,1,0,0
09/04/2021 19:03,2,1938,63,28,22,426,353,0,0,0,0,0,1,0,4000,0,0,0,0,0,0,0,0,0,0,0,0,0,0,0,0,0,0,0,1,0,0,1,0,0
09/04/2021 19:03,4,1927,113,30,16,442,353,0,0,1,0,0,1,0,4000,0,0,0,0,0,0,0,0,0,0,0,0,0,0,0,0,0,0,0,1,0,0,1,0,0
09/04/2021 19:03,22,1910,153,27,11,442,361,0,0,1,0,0,1,0,4000,0,0,0,0,0,0,0,0,0,0,0,0,0,0,0,0,0,0,0,1,0,0,1,0,0
09/04/2021 19:03,100,1900,184,27,8,434,361,0,0,1,0,0,1,0,4000,0,0,0,0,0,0,0,0,0,0,0,0,0,0,0,0,0,0,0,1,0,0,1,0,0
09/04/2021 19:03,188,1883,221,31,6,428,377,0,0,1,0,0,1,0,4000,0,0,0,0,0,0,0,0,0,0,0,0,0,0,0,0,0,0,0,1,0,0,1,0,0
09/04/2021 19:03,237,1873,248,30,5,428,377,0,0,1,0,0,1,0,4000,0,0,0,0,0,0,0,0,0,0,0,0,0,0,0,0,0,0,0,1,0,0,1,0,0
09/04/2021 19:03,292,1858,273,30,5,423,385,0,0,1,0,0,1,0,4000,0,0,0,0,0,0,0,0,0,0,0,0,0,0,0,0,0,0,0,1,0,0,1,0,0
09/04/2021 19:03,332,1845,296,29,4,406,402,0,0,1,0,0,1,0,4000,0,0,0,0,0,0,0,0,0,0,0,0,0,0,0,0,0,0,0,1,0,0,1,0,0
09/04/2021 19:03,358,1833,319,29,3,406,402,0,0,1,0,0,1,0,4000,0,0,0,0,0,0,0,0,0,0,0,0,0,0,0,0,0,0,0,1,0,0,1,0,0
09/04/2021 19:03,409,1815,351,28,3,399,410,0,0,1,0,0,1,0,4000,0,0,0,0,0,0,0,0,0,0,0,0,0,0,0,0,0,0,0,1,0,0,1,0,0
