Time,Tank_1,Tank_2,Tank_3,Pump_1,Pump_2,Flow_sensor_4
09/04/2021 18:23,0,0,0,0,0,0
09/04/2021 18:23,0,0,0,0,0,0
09/04/2021 18:23,0,0,0,0,0,0
09/04/2021 18:23,0,0,0,0,0,0
09/04/2021 18:23,0,0,0,1,1,0
09/04/2021 18:23,0,0,0,1,1,0
09/04/2021 18:23,54,0,0,1,1,0
09/04/2021 18:23,162,0,0,1,1,0
09/04/2021 18:23,210,0,0,1,1,0
09/04/2021 18:23,277,0,0,1,1,0
09/04/2021 18:23,305,0,0,1,1,0
09/04/2021 18:23,347,0,0,1,1,0
09/04/2021 18:23,396,10,0,1,1,0
09/04/2021 18:23,426,95,0,1,1,0
09/04/2021 18:23,451,138,0,1,1,0
09/04/2021 18:23,485,182,0,1,1,0
09/04/2021 18:23,511,222,0,1,1,0
09/04/2021 18:23,557,251,0,1,1,0
09/04/2021 18:23,585,291,0,1,1,0
09/04/2021 18:23,613,317,0,1,1,0
09/04/2021 18:23,649,344,0,1,1,0
09/04/2021 18:23,679,365,0,1,1,0
09/04/2021 18:23,719,398,0,1,1,0
09/04/2021 18:23,746,420,0,1,1,0
09/04/2021 18:23,756,427,0,1,1,0
09/04/2021 18:23,784,475,0,1,1,0
09/04/2021 18:23,817,494,0,1,1,0
09/04/2021 18:23,836,529,0,1,1,0
09/04/2021 18:23,871,547,0,1,1,0
09/04/2021 18:23,909,575,0,1,1,0
09/04/2021 18:23,933,589,0,1,1,0
09/04/2021 18:23,957,629,0,1,1,0
09/04/2021 18:24,992,639,0,1,1,0
09/04/2021 18:24,1037,658,0,1,1,0
09/04/2021 18:24,1054,680,0,1,1,0
09/04/2021 18:24,1078,697,0,1,1,0
09/04/2021 18:24,1095,720,0,1,1,0
09/04/2021 18:24,1125,753,0,1,1,0
09/04/2021 18:24,1149,777,0,1,1,0
09/04/2021 18:24,1198,782,0,1,1,0
09/04/2021 18:24,1221,822,0,1,1,0
09/04/2021 18:24,1240,834,0,1,1,0
09/04/2021 18:24,1270,887,0,1,1,0
09/04/2021 18:24,1310,887,0,1,1,0
09/04/2021 18:24,1328,920,0,1,1,0
09/04/2021 18:24,1364,935,0,1,1,0
09/04/2021 18:24,1373,949,0,1,1,0
09/04/2021 18:24,1414,985,0,1,1,0
09/04/2021 18:24,1447,991,0,1,1,0
09/04/2021 18:24,1468,1027,0,1,1,0
09/04/2021 18:24,1506,1056,0,1,1,0
09/04/2021 18:24,1549,1072,0,1,1,0
09/04/2021 18:24,1543,1099,0,1,1,0
09/04/2021 18:24,1582,1108,0,1,1,0
09/04/2021 18:24,1614,1153,0,1,1,0
09/04/2021 18:24,1643,1156,0,1,1,0
09/04/2021 18:24,1676,1187,0,1,1,0
09/04/2021 18:24,1704,1215,0,1,1,0
09/04/2021 18:24,1745,1237,0,1,1,0
09/04/2021 18:24,1770,1256,0,1,1,0
09/04/2021 18:24,1805,1285,0,1,1,0
09/04/2021 18:24,1818,1298,0,1,1,0
09/04/2021 18:24,1859,1324,0,1,1,0
09/04/2021 18:24,1873,1353,0,1,1,0
09/04/2021 18:24,1894,1367,0,1,1,0
09/04/2021 18:24,1946,1376,0,1,1,0
09/04/2021 18:24,1968,1398,0,1,1,0
09/04/2021 18:24,1974,1402,0,1,0,0
09/04/2021 18:24,1970,1461,0,1,0,0
09/04/2021 18:24,1949,1482,0,1,0,0
09/04/2021 18:24,1935,1501,0,1,0,0
09/04/2021 18:24,1916,1518,0,1,0,0
09/04/2021 18:24,1908,1538,0,1,0,0
09/04/2021 18:24,1894,1560,0,1,0,0
09/04/2021 18:24,1876,1593,0,1,0,0
09/04/2021 18:24,1861,1615,0,1,0,0
09/04/2021 18:24,1847,1632,0,1,0,0
09/04/2021 18:24,1830,1664,0,1,0,0
09/04/2021 18:24,1818,1677,0,1,0,0
09/04/2021 18:24,1801,1716,0,1,0,0
09/04/2021 18:24,1784,1736,0,1,0,0
09/04/2021 18:24,1774,1768,0,1,0,0
09/04/2021 18:24,1758,1767,0,1,0,0
09/04/2021 18:24,1741,1794,0,1,0,0
09/04/2021 18:24,1727,1803,0,1,0,0
09/04/2021 18:24,1708,1846,0,1,0,0
09/04/2021 18:24,1696,1860,0,1,0,0
09/04/2021 18:24,1675,1881,0,1,0,0
09/04/2021 18:24,1665,1912,0,1,0,0
09/04/2021 18:24,1649,1934,0,1,0,0
09/04/2021 18:24,1632,1949,0,1,0,0
09/04/2021 18:24,1620,1944,18,0,0,0
09/04/2021 18:25,1603,1937,94,0,0,0
09/04/2021 18:25,1590,1927,138,0,0,0
09/04/2021 18:25,1575,1911,170,0,0,0
09/04/2021 18:25,1559,1900,199,0,0,0
09/04/2021 18:25,1542,1885,233,0,0,0
09/04/2021 18:25,1530,1871,256,0,0,0
09/04/2021 18:25,1512,1858,286,0,0,0
09/04/2021 18:25,1501,1844,306,0,0,0
09/04/2021 18:25,1480,1828,329,0,0,0
09/04/2021 18:25,1469,1818,360,0,0,0
09/04/2021 18:25,1453,1808,383,0,0,0
09/04/2021 18:25,1437,1792,407,0,0,0
09/04/2021 18:25,1425,1782,415,0,0,0
09/04/2021 18:25,1406,1762,426,0,0,0
09/04/2021 18:25,1393,1752,436,0,0,0
09/04/2021 18:25,1378,1738,448,0,0,0
09/04/2021 18:25,1364,1721,460,0,0,0
09/04/2021 18:25,1348,1706,466,0,0,0
09/04/2021 18:25,1334,1695,473,0,0,0
09/04/2021 18:25,1320,1683,481,0,0,0
09/04/2021 18:25,1305,1667,492,0,0,0
09/04/2021 18:25,1292,1660,501,0,0,0
09/04/2021 18:25,1272,1642,509,0,0,0
09/04/2021 18:25,1264,1630,519,0,0,0
09/04/2021 18:25,1244,1614,530,0,0,0
09/04/2021 18:25,1230,1605,537,0,0,0
09/04/2021 18:25,1214,1588,550,0,0,0
09/04/2021 18:25,1203,1574,558,0,0,0
09/04/2021 18:25,1185,1563,567,0,0,0
09/04/2021 18:25,1174,1546,576,0,0,0
09/04/2021 18:25,1159,1537,586,0,0,0
09/04/2021 18:25,1142,1521,595,0,0,0
09/04/2021 18:25,1138,1510,603,0,0,0
09/04/2021 18:25,1126,1494,614,0,0,0
09/04/2021 18:25,1114,1482,619,0,0,0
09/04/2021 18:25,1097,1468,631,0,0,0
09/04/2021 18:25,1085,1455,638,0,0,0
09/04/2021 18:25,1070,1440,646,0,0,0
09/04/2021 18:25,1058,1429,656,0,0,0
09/04/2021 18:25,1046,1417,666,0,0,0
09/04/2021 18:25,1031,1403,677,0,0,0
09/04/2021 18:25,1018,1392,683,0,0,0
09/04/2021 18:25,1003,1377,693,0,0,0
09/04/2021 18:25,991,1365,701,0,0,0
09/04/2021 18:25,974,1350,711,0,0,0
09/04/2021 18:25,962,1340,719,0,0,0
09/04/2021 18:25,946,1325,729,0,0,0
09/04/2021 18:25,935,1313,736,0,0,0
09/04/2021 18:25,922,1301,743,0,0,0
09/04/2021 18:25,906,1288,753,0,0,0
09/04/2021 18:25,894,1276,760,0,0,0
09/04/2021 18:25,878,1261,769,0,0,0
09/04/2021 18:25,865,1250,774,0,0,0
09/04/2021 18:25,850,1236,787,0,0,0
09/04/2021 18:25,839,1225,790,0,0,0
09/04/2021 18:25,823,1209,802,0,0,0
09/04/2021 18:25,810,1199,808,0,0,0
09/04/2021 18:25,795,1188,815,0,0,0
09/04/2021 18:25,782,1172,824,0,0,0
09/04/2021 18:25,770,1161,832,0,0,0
09/04/2021 18:26,755,1147,842,0,0,0
09/04/2021 18:26,742,1136,846,0,0,0
09/04/2021 18:26,727,1122,858,0,0,0
09/04/2021 18:26,715,1111,864,0,0,0
09/04/2021 18:26,700,1097,872,0,0,0
09/04/2021 18:26,687,1085,880,0,0,0
09/04/2021 18:26,672,1070,885,0,0,0
09/04/2021 18:26,660,1058,897,0,0,0
09/04/2021 18:26,648,1047,899,0,0,0
09/04/2021 18:26,632,1033,909,0,0,0
09/04/2021 18:26,620,1022,916,0,0,0
09/04/2021 18:26,604,1008,925,0,0,0
09/04/2021 18:26,592,997,932,0,0,0
09/04/2021 18:26,576,982,937,0,0,0
09/04/2021 18:26,564,970,945,0,0,0
09/04/2021 18:26,547,956,954,0,0,0
09/04/2021 18:26,535,945,962,0,0,0
09/04/2021 18:26,522,933,965,0,0,0
09/04/2021 18:26,506,918,975,0,0,0
09/04/2021 18:26,494,907,982,0,0,0
09/04/2021 18:26,476,893,991,0,0,0
09/04/2021 18:26,464,881,998,0,0,0
09/04/2021 18:26,447,867,1006,0,0,0
09/04/2021 18:26,434,856,1011,0,0,0
09/04/2021 18:26,416,841,1021,0,0,0
09/04/2021 18:26,402,830,1027,0,0,0
09/04/2021 18:26,384,818,1034,0,0,0
09/04/2021 18:26,371,803,1041,0,0,0
09/04/2021 18:26,356,793,1047,0,0,0
09/04/2021 18:26,336,778,1060,0,0,0
09/04/2021 18:26,322,767,1064,0,0,0
09/04/2021 18:26,300,753,1071,0,0,0
09/04/2021 18:26,283,742,1075,0,0,0
09/04/2021 18:26,260,727,1089,0,0,0
09/04/2021 18:26,241,717,1094,0,0,0
09/04/2021 18:26,215,701,1099,0,0,0
09/04/2021 18:26,191,691,1107,0,0,0
09/04/2021 18:26,165,679,1115,0,0,0
09/04/2021 18:26,125,666,1120,0,0,0
09/04/2021 18:26,90,654,1127,0,0,0
09/04/2021 18:26,40,640,1133,0,0,0
09/04/2021 18:26,3,628,1142,0,0,0
09/04/2021 18:26,1,614,1149,0,0,0
09/04/2021 18:26,1,602,1154,0,0,0
09/04/2021 18:26,1,589,1161,0,0,0
09/04/2021 18:26,1,577,1168,0,0,0
09/04/2021 18:26,1,567,1172,0,0,0
09/04/2021 18:26,1,552,1180,0,0,0
09/04/2021 18:26,1,541,1186,0,0,0
09/04/2021 18:26,2,525,1192,0,0,0
09/04/2021 18:26,2,514,1198,0,0,0
09/04/2021 18:26,1,498,1206,0,0,0
09/04/2021 18:26,2,487,1211,0,0,0
09/04/2021 18:26,2,472,1218,0,0,0
09/04/2021 18:26,2,460,1221,0,0,0
09/04/2021 18:26,2,447,1226,0,0,0
09/04/2021 18:26,2,432,1235,0,0,0
09/04/2021 18:26,2,420,1240,0,0,0
09/04/2021 18:26,3,404,1250,0,0,0
09/04/2021 18:26,2,392,1255,0,0,0
09/04/2021 18:27,2,375,1263,0,0,0
09/04/2021 18:27,2,362,1267,0,0,0
09/04/2021 18:27,3,345,1275,0,0,0
09/04/2021 18:27,2,332,1279,0,0,0
09/04/2021 18:27,2,315,1285,0,0,0
09/04/2021 18:27,3,300,1293,0,0,0
09/04/2021 18:27,3,286,1297,0,0,0
09/04/2021 18:27,3,267,1303,0,0,0
09/04/2021 18:27,3,251,1307,0,0,0
09/04/2021 18:27,4,231,1316,0,0,0
09/04/2021 18:27,3,214,1322,0,0,0
09/04/2021 18:27,3,192,1326,0,0,0
09/04/2021 18:27,3,174,1332,0,0,0
09/04/2021 18:27,3,147,1340,0,0,0
09/04/2021 18:27,4,125,1345,0,0,0
09/04/2021 18:27,4,100,1349,0,0,0
09/04/2021 18:27,3,59,1353,0,0,0
09/04/2021 18:27,3,27,1359,0,0,0
09/04/2021 18:27,3,2,1353,0,0,0
09/04/2021 18:27,3,1,1342,0,0,0
09/04/2021 18:27,4,1,1328,0,0,0
09/04/2021 18:27,4,1,1316,0,0,0
09/04/2021 18:27,4,2,1300,0,0,0
09/04/2021 18:27,4,2,1288,0,0,0
09/04/2021 18:27,4,2,1275,0,0,0
09/04/2021 18:27,4,2,1258,0,0,0
09/04/2021 18:27,4,3,1245,0,0,0
09/04/2021 18:27,4,3,1227,0,0,0
09/04/2021 18:27,4,2,1214,0,0,0
09/04/2021 18:27,3,2,1196,0,0,0
09/04/2021 18:27,3,3,1183,0,0,0
09/04/2021 18:27,4,3,1164,0,0,0
09/04/2021 18:27,4,2,1152,0,0,0
09/04/2021 18:27,4,3,1139,0,0,0
09/04/2021 18:27,4,3,1121,0,0,0
09/04/2021 18:27,4,3,1108,0,0,0
09/04/2021 18:27,4,3,1090,0,0,0
09/04/2021 18:27,4,4,1077,0,0,0
09/04/2021 18:27,4,3,1059,0,0,0
09/04/2021 18:27,4,3,1046,0,0,0
09/04/2021 18:27,4,3,1030,0,0,0
09/04/2021 18:27,3,3,1017,0,0,0
09/04/2021 18:27,4,3,1000,0,0,0
09/04/2021 18:27,4,4,986,0,0,0
09/04/2021 18:27,4,2,974,0,0,0
09/04/2021 18:27,4,2,957,0,0,0
09/04/2021 18:27,4,2,943,0,0,0
09/04/2021 18:27,4,3,928,0,0,0
09/04/2021 18:27,4,3,916,0,0,0
09/04/2021 18:27,3,3,900,0,0,0
09/04/2021 18:27,4,3,886,0,0,0
09/04/2021 18:27,4,4,870,0,0,0
09/04/2021 18:27,4,3,857,0,0,0
09/04/2021 18:27,4,3,845,0,0,0
09/04/2021 18:27,4,3,827,0,0,0
09/04/2021 18:27,5,3,816,0,0,0
09/04/2021 18:27,4,3,800,0,0,0
09/04/2021 18:27,4,3,788,0,0,0
09/04/2021 18:27,4,3,771,0,0,0
09/04/2021 18:27,4,4,758,0,0,0
09/04/2021 18:28,5,4,742,0,0,0
09/04/2021 18:28,4,4,730,0,0,0
09/04/2021 18:28,4,4,716,0,0,0
09/04/2021 18:28,4,3,701,0,0,0
09/04/2021 18:28,5,3,689,0,0,0
09/04/2021 18:28,4,3,672,0,0,0
09/04/2021 18:28,4,3,659,0,0,0
09/04/2021 18:28,4,3,643,0,0,0
09/04/2021 18:28,4,3,631,0,0,0
09/04/2021 18:28,4,2,614,0,0,0
09/04/2021 18:28,0,4,601,0,1,0
09/04/2021 18:28,1,4,590,0,1,0
09/04/2021 18:28,68,3,573,0,1,0
09/04/2021 18:28,140,3,561,0,1,0
09/04/2021 18:28,215,3,544,0,1,0
09/04/2021 18:28,261,3,532,0,1,0
09/04/2021 18:28,311,4,514,0,1,0
09/04/2021 18:28,359,4,503,0,1,0
09/04/2021 18:28,395,3,488,0,1,0
09/04/2021 18:28,432,4,475,0,1,0
09/04/2021 18:28,467,4,460,0,1,0
09/04/2021 18:28,480,4,447,0,1,0
09/04/2021 18:28,524,3,436,0,1,0
09/04/2021 18:28,546,4,419,0,1,0
09/04/2021 18:28,593,2,406,0,1,0
09/04/2021 18:28,595,4,390,0,1,0
09/04/2021 18:28,634,3,378,0,1,0
09/04/2021 18:28,671,3,360,0,1,0
09/04/2021 18:28,709,3,352,0,1,0
09/04/2021 18:28,724,3,333,0,1,0
09/04/2021 18:28,751,4,320,0,1,0
09/04/2021 18:28,807,3,308,0,1,0
09/04/2021 18:28,800,3,291,0,1,0
09/04/2021 18:28,839,4,277,0,1,0
09/04/2021 18:28,867,3,259,0,1,0
09/04/2021 18:28,909,4,246,0,1,0
09/04/2021 18:28,933,4,227,0,1,0
09/04/2021 18:28,956,4,215,0,1,0
09/04/2021 18:28,967,3,194,0,1,0
09/04/2021 18:28,1016,3,177,0,1,0
09/04/2021 18:28,1051,3,162,0,1,0
09/04/2021 18:28,1081,3,139,0,1,0
09/04/2021 18:28,1099,5,122,0,1,0
09/04/2021 18:28,1141,3,93,0,1,0
09/04/2021 18:28,1159,4,60,0,1,0
09/04/2021 18:28,1198,4,10,1,1,0
09/04/2021 18:28,1215,6,6,1,1,0
09/04/2021 18:28,1258,4,8,1,1,0
09/04/2021 18:28,1289,51,9,1,1,0
09/04/2021 18:28,1300,126,8,1,1,0
09/04/2021 18:28,1345,156,7,1,1,0
09/04/2021 18:28,1339,196,8,1,1,0
09/04/2021 18:28,1390,256,10,1,1,0
09/04/2021 18:28,1419,274,7,1,1,0
09/04/2021 18:28,1437,296,9,1,1,0
09/04/2021 18:28,1462,317,8,1,1,0
09/04/2021 18:28,1505,355,8,1,1,0
09/04/2021 18:28,1527,374,9,1,1,0
09/04/2021 18:28,1558,422,9,1,1,0
09/04/2021 18:28,1595,430,9,1,1,0
09/04/2021 18:29,1627,455,7,1,1,0
09/04/2021 18:29,1646,489,8,1,1,0
09/04/2021 18:29,1680,507,7,1,1,0
09/04/2021 18:29,1710,555,8,1,1,0
09/04/2021 18:29,1750,557,10,1,1,0
09/04/2021 18:29,1772,571,10,1,1,0
09/04/2021 18:29,1791,616,11,1,1,0
09/04/2021 18:29,1821,620,8,1,1,0
09/04/2021 18:29,1839,647,8,1,1,0
09/04/2021 18:29,1887,680,8,1,1,0
09/04/2021 18:29,1910,701,9,1,1,0
09/04/2021 18:29,1932,718,8,1,1,0
09/04/2021 18:29,1961,740,7,1,1,0
09/04/2021 18:29,1973,772,8,1,0,0
09/04/2021 18:29,1963,795,8,1,0,0
09/04/2021 18:29,1951,799,9,1,0,0
09/04/2021 18:29,1935,837,9,1,0,0
09/04/2021 18:29,1920,853,10,1,0,0
09/04/2021 18:29,1903,879,8,1,0,0
09/04/2021 18:29,1889,892,9,1,0,0
09/04/2021 18:29,1879,922,11,1,0,0
09/04/2021 18:29,1859,954,9,1,0,0
09/04/2021 18:29,1849,964,9,1,0,0
09/04/2021 18:29,1831,1002,7,1,0,0
09/04/2021 18:29,1816,1016,9,1,0,0
09/04/2021 18:29,1798,1039,8,1,0,0
09/04/2021 18:29,1785,1059,9,1,0,0
09/04/2021 18:29,1768,1087,9,1,0,0
09/04/2021 18:29,1753,1104,10,1,0,0
09/04/2021 18:29,1738,1127,9,1,0,0
09/04/2021 18:29,1724,1150,9,1,0,0
09/04/2021 18:29,1711,1172,9,1,0,0
09/04/2021 18:29,1694,1208,10,1,0,0
09/04/2021 18:29,1681,1222,10,1,0,0
09/04/2021 18:29,1665,1241,8,1,0,0
09/04/2021 18:29,1648,1272,8,1,0,0
09/04/2021 18:29,1629,1278,8,1,0,0
09/04/2021 18:29,1615,1321,9,1,0,0
09/04/2021 18:29,1598,1324,10,1,0,0
09/04/2021 18:29,1587,1357,9,1,0,0
09/04/2021 18:29,1577,1361,8,1,0,0
09/04/2021 18:29,1552,1402,9,1,0,0
09/04/2021 18:29,1544,1409,10,1,0,0
09/04/2021 18:29,1525,1438,8,1,0,0
09/04/2021 18:29,1512,1475,10,1,0,0
09/04/2021 18:29,1497,1479,9,1,0,0
09/04/2021 18:29,1480,1509,9,1,0,0
09/04/2021 18:29,1465,1551,9,1,0,0
09/04/2021 18:29,1452,1554,9,1,0,0
09/04/2021 18:29,1434,1571,9,1,0,0
09/04/2021 18:29,1422,1602,8,1,0,0
09/04/2021 18:29,1406,1611,9,1,0,0
09/04/2021 18:29,1389,1650,9,1,0,0
09/04/2021 18:29,1376,1663,10,1,0,0
09/04/2021 18:29,1361,1689,9,1,0,0
09/04/2021 18:29,1348,1706,7,1,0,0
09/04/2021 18:29,1329,1738,9,1,0,0
09/04/2021 18:29,1317,1758,9,1,0,0
09/04/2021 18:29,1297,1783,9,1,0,0
09/04/2021 18:29,1290,1802,9,1,0,0
09/04/2021 18:30,1274,1817,10,1,0,0
09/04/2021 18:30,1258,1844,11,1,0,0
09/04/2021 18:30,1243,1868,9,1,0,0
09/04/2021 18:30,1228,1921,9,1,0,0
09/04/2021 18:30,1215,1907,7,1,0,0
09/04/2021 18:30,1199,1940,11,1,0,0
09/04/2021 18:30,1183,1939,56,0,0,0
09/04/2021 18:30,1167,1922,112,0,0,0
09/04/2021 18:30,1153,1904,151,0,0,0
09/04/2021 18:30,1133,1884,191,0,0,0
09/04/2021 18:30,1125,1852,252,0,0,0
09/04/2021 18:30,1122,1827,294,0,0,0
09/04/2021 18:30,1110,1796,341,0,0,0
09/04/2021 18:30,1098,1771,418,0,0,0
09/04/2021 18:30,1080,1740,457,0,0,0
09/04/2021 18:30,1069,1716,482,0,0,0
09/04/2021 18:30,1053,1685,500,0,0,0
09/04/2021 18:30,1041,1659,547,0,0,0
09/04/2021 18:30,1029,1637,559,0,0,0
09/04/2021 18:30,1013,1605,593,0,0,0
09/04/2021 18:30,1001,1582,609,0,0,0
09/04/2021 18:30,985,1550,636,0,0,0
09/04/2021 18:30,972,1527,670,0,0,0
09/04/2021 18:30,956,1495,697,0,0,0
09/04/2021 18:30,944,1472,731,0,0,0
09/04/2021 18:30,928,1442,768,0,0,0
09/04/2021 18:30,916,1417,791,0,0,0
09/04/2021 18:30,902,1395,811,0,0,0
09/04/2021 18:30,887,1365,817,0,0,0
09/04/2021 18:30,876,1343,859,0,0,0
09/04/2021 18:30,859,1314,895,0,0,0
09/04/2021 18:30,847,1291,920,0,0,0
09/04/2021 18:30,830,1261,947,0,0,0
09/04/2021 18:30,819,1238,983,0,0,0
09/04/2021 18:30,804,1209,1018,0,0,0
09/04/2021 18:30,791,1186,1043,0,0,0
09/04/2021 18:30,775,1158,1075,0,0,0
09/04/2021 18:30,762,1136,1105,0,0,0
09/04/2021 18:30,752,1113,1116,0,0,0
09/04/2021 18:30,736,1083,1168,0,0,0
09/04/2021 18:30,724,1063,1193,0,0,0
09/04/2021 18:30,708,1035,1221,0,0,0
09/04/2021 18:30,696,1013,1249,0,0,0
09/04/2021 18:30,680,983,1282,0,0,0
09/04/2021 18:30,668,962,1303,0,0,0
09/04/2021 18:30,652,932,1347,0,0,0
09/04/2021 18:30,641,910,1367,0,0,0
09/04/2021 18:30,629,889,1388,0,0,0
09/04/2021 18:30,613,861,1425,0,0,0
09/04/2021 18:30,601,838,1443,0,0,0
09/04/2021 18:30,585,808,1478,0,0,0
09/04/2021 18:30,572,788,1502,0,0,0
09/04/2021 18:30,557,759,1531,0,0,0
09/04/2021 18:30,544,739,1556,0,0,0
09/04/2021 18:30,527,709,1591,0,0,0
09/04/2021 18:30,515,689,1606,0,0,0
09/04/2021 18:30,498,669,1630,0,0,0
09/04/2021 18:30,486,641,1663,0,0,0
09/04/2021 18:30,471,619,1684,0,0,0
09/04/2021 18:30,454,591,1717,0,0,0
09/04/2021 18:31,442,569,1734,0,0,0
09/04/2021 18:31,423,540,1766,0,0,0
09/04/2021 18:31,411,519,1791,0,0,0
09/04/2021 18:31,393,489,1817,0,0,0
09/04/2021 18:31,379,467,1843,0,0,0
09/04/2021 18:31,360,437,1865,0,0,0
09/04/2021 18:31,346,415,1894,0,0,0
09/04/2021 18:31,330,391,1915,0,0,0
09/04/2021 18:31,309,359,1948,0,0,0
09/04/2021 18:31,292,334,1967,0,0,0
09/04/2021 18:31,271,301,1997,0,0,0
09/04/2021 18:31,252,274,2016,0,0,0
09/04/2021 18:31,226,237,2043,0,0,0
09/04/2021 18:31,204,206,2055,0,0,0
09/04/2021 18:31,170,163,2057,0,0,0
09/04/2021 18:31,141,130,2065,0,0,0
09/04/2021 18:31,108,105,2069,0,0,0
09/04/2021 18:31,60,68,2073,0,0,0
09/04/2021 18:31,20,37,2075,0,0,0
09/04/2021 18:31,0,2,2072,0,0,0
09/04/2021 18:31,0,3,2055,0,0,0
09/04/2021 18:31,0,3,2039,0,0,0
09/04/2021 18:31,0,4,2025,0,0,0
09/04/2021 18:31,0,4,2004,0,0,0
09/04/2021 18:31,0,3,1990,0,0,0
09/04/2021 18:31,0,4,1975,0,0,0
09/04/2021 18:31,0,4,1956,0,0,0
09/04/2021 18:31,0,4,1943,0,0,0
09/04/2021 18:31,0,4,1924,0,0,0
09/04/2021 18:31,0,4,1910,0,0,0
09/04/2021 18:31,0,4,1891,0,0,0
09/04/2021 18:31,0,4,1878,0,0,0
09/04/2021 18:31,0,4,1862,0,0,0
09/04/2021 18:31,0,4,1851,0,0,0
09/04/2021 18:31,0,4,1839,0,0,0
09/04/2021 18:31,0,4,1823,0,0,0
09/04/2021 18:31,0,4,1809,0,0,0
09/04/2021 18:31,0,5,1789,0,0,0
09/04/2021 18:31,0,4,1776,0,0,0
09/04/2021 18:31,0,5,1757,0,0,0
09/04/2021 18:31,0,5,1743,0,0,0
09/04/2021 18:31,0,5,1724,0,0,0
09/04/2021 18:31,0,4,1711,0,0,0
09/04/2021 18:31,1,5,1691,0,0,0
09/04/2021 18:31,0,4,1678,0,0,0
09/04/2021 18:31,1,4,1664,0,0,0
09/04/2021 18:31,1,4,1646,0,0,0
09/04/2021 18:31,1,4,1632,0,0,0
09/04/2021 18:31,1,4,1614,0,0,0
09/04/2021 18:31,1,6,1600,0,0,0
09/04/2021 18:31,2,5,1581,0,0,0
09/04/2021 18:31,1,5,1568,0,0,0
09/04/2021 18:31,2,5,1550,0,0,0
09/04/2021 18:31,1,4,1535,0,0,0
09/04/2021 18:31,2,4,1521,0,0,0
09/04/2021 18:31,2,5,1504,0,0,0
09/04/2021 18:31,2,5,1489,0,0,0
09/04/2021 18:31,1,6,1472,0,0,0
09/04/2021 18:31,2,5,1458,0,0,0
09/04/2021 18:31,1,5,1439,0,0,0
09/04/2021 18:32,1,5,1426,0,0,0
09/04/2021 18:32,2,6,1407,0,0,0
09/04/2021 18:32,2,5,1396,0,0,0
09/04/2021 18:32,2,5,1381,0,0,0
09/04/2021 18:32,1,6,1363,0,0,0
09/04/2021 18:32,2,5,1350,0,0,0
09/04/2021 18:32,2,5,1332,0,0,0
09/04/2021 18:32,1,5,1319,0,0,0
09/04/2021 18:32,1,6,1300,0,0,0
09/04/2021 18:32,2,5,1287,0,0,0
09/04/2021 18:32,2,5,1269,0,0,0
09/04/2021 18:32,2,5,1256,0,0,0
09/04/2021 18:32,1,6,1238,0,0,0
09/04/2021 18:32,2,6,1226,0,0,0
09/04/2021 18:32,2,6,1212,0,0,0
09/04/2021 18:32,1,5,1193,0,0,0
09/04/2021 18:32,1,6,1181,0,0,0
09/04/2021 18:32,2,6,1163,0,0,0
09/04/2021 18:32,1,5,1149,0,0,0
09/04/2021 18:32,2,5,1132,0,0,0
09/04/2021 18:32,1,6,1118,0,0,0
09/04/2021 18:32,2,6,1101,0,0,0
09/04/2021 18:32,2,5,1089,0,0,0
09/04/2021 18:32,2,6,1076,0,0,0
09/04/2021 18:32,2,5,1058,0,0,0
09/04/2021 18:32,2,6,1045,0,0,0
09/04/2021 18:32,2,6,1028,0,0,0
09/04/2021 18:32,1,6,1014,0,0,0
09/04/2021 18:32,1,5,998,0,0,0
09/04/2021 18:32,2,6,985,0,0,0
09/04/2021 18:32,1,5,968,0,0,0
09/04/2021 18:32,1,6,954,0,0,0
09/04/2021 18:32,2,6,942,0,0,0
09/04/2021 18:32,2,5,926,0,0,0
09/04/2021 18:32,2,6,913,0,0,0
09/04/2021 18:32,2,6,897,0,0,0
09/04/2021 18:32,2,6,884,0,0,0
09/04/2021 18:32,2,5,867,0,0,0
09/04/2021 18:32,1,6,855,0,0,0
09/04/2021 18:32,2,6,839,0,0,0
09/04/2021 18:32,2,5,827,0,0,0
09/04/2021 18:32,2,6,810,0,0,0
09/04/2021 18:32,2,6,797,0,0,0
09/04/2021 18:32,2,6,785,0,0,0
09/04/2021 18:32,2,6,769,0,0,0
09/04/2021 18:32,2,6,756,0,0,0
09/04/2021 18:32,2,5,739,0,0,0
09/04/2021 18:32,2,5,728,0,0,0
09/04/2021 18:32,2,6,711,0,0,0
09/04/2021 18:32,2,6,699,0,0,0
09/04/2021 18:32,2,6,683,0,0,0
09/04/2021 18:32,2,6,669,0,0,0
09/04/2021 18:32,2,6,658,0,0,0
09/04/2021 18:32,3,6,641,0,0,0
09/04/2021 18:32,2,6,628,0,0,0
09/04/2021 18:32,2,6,611,0,0,0
09/04/2021 18:32,2,6,599,0,0,0
09/04/2021 18:32,2,6,583,0,0,4782
09/04/2021 18:32,1,6,569,0,1,4772
09/04/2021 18:32,7,6,554,0,1,4772
09/04/2021 18:33,91,5,542,0,1,4763
09/04/2021 18:33,193,5,531,0,1,4754
09/04/2021 18:33,232,5,515,0,1,4745
09/04/2021 18:33,276,6,502,0,1,4745
09/04/2021 18:33,330,5,486,0,1,4736
09/04/2021 18:33,355,6,471,0,1,4727
09/04/2021 18:33,397,7,457,0,1,4718
09/04/2021 18:33,442,6,445,0,1,4709
09/04/2021 18:33,473,6,428,0,1,4709
09/04/2021 18:33,499,6,417,0,1,4700
09/04/2021 18:33,534,5,401,0,1,4684
09/04/2021 18:33,566,7,387,0,1,4636
09/04/2021 18:33,603,6,377,0,1,4636
09/04/2021 18:33,619,4,360,0,1,4588
09/04/2021 18:33,660,5,347,0,1,4581
09/04/2021 18:33,688,6,331,0,1,4573
09/04/2021 18:33,724,6,319,0,1,4565
09/04/2021 18:33,755,6,300,0,1,4565
09/04/2021 18:33,766,6,287,0,1,4558
09/04/2021 18:33,789,7,270,0,1,4550
09/04/2021 18:33,840,6,256,0,1,4543
09/04/2021 18:33,850,6,242,0,1,4536
09/04/2021 18:33,890,6,225,0,1,4536
09/04/2021 18:33,918,6,210,0,1,4528
09/04/2021 18:33,942,6,190,0,1,4521
09/04/2021 18:33,972,6,174,0,1,4514
09/04/2021 18:33,995,6,153,0,1,4514
09/04/2021 18:33,1016,6,135,0,1,4507
09/04/2021 18:33,1071,5,110,0,1,4500
09/04/2021 18:33,1094,6,84,0,1,4493
09/04/2021 18:33,1110,7,51,0,1,4486
09/04/2021 18:33,1135,8,7,1,1,4486
09/04/2021 18:33,1166,7,8,1,1,4479
09/04/2021 18:33,1191,7,7,1,1,4473
09/04/2021 18:33,1219,71,8,1,1,4466
09/04/2021 18:33,1258,140,6,1,1,4466
09/04/2021 18:33,1279,188,7,1,1,4459
09/04/2021 18:33,1306,232,8,1,1,4453
09/04/2021 18:33,1340,240,8,1,1,4446
09/04/2021 18:33,1382,297,7,1,1,4446
09/04/2021 18:33,1398,314,6,1,1,4440
09/04/2021 18:33,1422,345,7,1,1,4433
09/04/2021 18:33,1455,369,7,1,1,4427
09/04/2021 18:33,1472,395,7,1,1,4427
09/04/2021 18:33,1510,418,8,1,1,4421
09/04/2021 18:33,1542,441,6,1,1,4414
09/04/2021 18:33,1580,472,7,1,1,4408
09/04/2021 18:33,1596,499,8,1,1,4408
09/04/2021 18:33,1638,527,7,1,1,4402
09/04/2021 18:33,1661,545,8,1,1,4396
09/04/2021 18:33,1690,566,8,1,1,4390
09/04/2021 18:33,1718,590,8,1,1,4390
09/04/2021 18:33,1748,605,6,1,1,4384
09/04/2021 18:33,1773,638,8,1,1,4378
09/04/2021 18:33,1803,656,8,1,1,4372
09/04/2021 18:33,1835,690,6,1,1,4372
09/04/2021 18:33,1871,716,8,1,1,4367
09/04/2021 18:33,1896,724,8,1,1,4361
09/04/2021 18:33,1923,750,9,1,1,4355
09/04/2021 18:33,1978,775,7,1,1,4350
09/04/2021 18:34,1973,797,5,1,1,4350
09/04/2021 18:34,1975,832,9,1,0,4344
09/04/2021 18:34,1965,832,8,1,0,4339
09/04/2021 18:34,1952,852,8,1,0,4333
09/04/2021 18:34,1938,893,9,1,0,4333
09/04/2021 18:34,1923,909,7,1,0,4328
09/04/2021 18:34,1906,954,7,1,0,4322
09/04/2021 18:34,1889,964,8,1,0,4317
09/04/2021 18:34,1873,980,7,1,0,4312
09/04/2021 18:34,1862,990,7,1,0,4312
09/04/2021 18:34,1845,1037,9,1,0,4307
09/04/2021 18:34,1830,1047,7,1,0,4302
09/04/2021 18:34,1817,1069,7,1,0,4297
09/04/2021 18:34,1798,1105,8,1,0,4291
09/04/2021 18:34,1785,1113,7,1,0,4291
09/04/2021 18:34,1767,1142,7,1,0,4287
09/04/2021 18:34,1753,1154,7,1,0,4282
09/04/2021 18:34,1738,1184,7,1,0,4277
09/04/2021 18:34,1725,1219,9,1,0,4272
09/04/2021 18:34,1705,1231,7,1,0,4272
09/04/2021 18:34,1694,1244,8,1,0,4267
09/04/2021 18:34,1682,1270,7,1,0,4262
09/04/2021 18:34,1662,1283,9,1,0,4258
09/04/2021 18:34,1647,1326,8,1,0,4258
09/04/2021 18:34,1630,1340,7,1,0,4253
09/04/2021 18:34,1617,1366,9,1,0,4248
09/04/2021 18:34,1599,1397,8,1,0,4244
09/04/2021 18:34,1589,1410,7,1,0,4244
09/04/2021 18:34,1567,1430,9,1,0,4239
09/04/2021 18:34,1553,1462,8,1,0,4192
09/04/2021 18:34,1545,1466,8,1,0,4144
09/04/2021 18:34,1528,1493,8,1,0,4097
09/04/2021 18:34,1508,1508,8,1,0,4049
09/04/2021 18:34,1495,1546,8,1,0,4001
09/04/2021 18:34,1483,1564,9,1,0,3954
09/04/2021 18:34,1464,1594,7,1,0,3906
09/04/2021 18:34,1451,1605,7,1,0,3906
09/04/2021 18:34,1431,1639,8,1,0,3858
09/04/2021 18:34,1422,1662,8,1,0,3811
09/04/2021 18:34,1405,1675,8,1,0,3763
09/04/2021 18:34,1388,1689,8,1,0,3716
09/04/2021 18:34,1375,1714,7,1,0,3668
09/04/2021 18:34,1363,1755,8,1,0,3620
09/04/2021 18:34,1346,1752,8,1,0,3620
09/04/2021 18:34,1329,1794,8,1,0,3573
09/04/2021 18:34,1320,1813,8,1,0,3525
09/04/2021 18:34,1298,1845,8,1,0,3477
09/04/2021 18:34,1289,1860,7,1,0,3430
09/04/2021 18:34,1270,1874,8,1,0,3382
09/04/2021 18:34,1256,1901,8,1,0,3334
09/04/2021 18:34,1245,1927,8,1,0,3287
09/04/2021 18:34,1227,1952,10,0,0,3239
09/04/2021 18:34,1214,1944,47,1,0,3239
09/04/2021 18:34,1198,1935,116,0,0,3191
09/04/2021 18:34,1184,1923,144,0,0,3144
09/04/2021 18:34,1170,1908,183,0,0,3096
09/04/2021 18:34,1152,1896,212,0,0,3048
09/04/2021 18:34,1137,1879,238,0,0,3001
09/04/2021 18:34,1134,1869,268,0,0,2953
09/04/2021 18:34,1126,1857,289,0,0,2953
09/04/2021 18:35,1111,1841,317,0,0,2905
09/04/2021 18:35,1098,1831,342,0,0,2858
09/04/2021 18:35,1082,1816,370,0,0,2810
09/04/2021 18:35,1070,1802,392,0,0,2762
09/04/2021 18:35,1054,1787,411,0,0,2714
09/04/2021 18:35,1043,1774,418,0,0,2667
09/04/2021 18:35,1026,1759,433,0,0,2667
09/04/2021 18:35,1013,1747,441,0,0,2619
09/04/2021 18:35,1002,1736,447,0,0,2571
09/04/2021 18:35,987,1719,457,0,0,2523
09/04/2021 18:35,973,1708,470,0,0,2476
09/04/2021 18:35,957,1693,479,0,0,2428
09/04/2021 18:35,947,1680,487,0,0,2380
09/04/2021 18:35,930,1663,497,0,0,2380
09/04/2021 18:35,919,1654,506,0,0,2332
09/04/2021 18:35,902,1637,519,0,0,2284
09/04/2021 18:35,890,1626,529,0,0,2284
09/04/2021 18:35,875,1615,534,0,0,2189
09/04/2021 18:35,863,1598,546,0,0,2141
09/04/2021 18:35,850,1588,551,0,0,2093
09/04/2021 18:35,835,1572,563,0,0,2045
09/04/2021 18:35,823,1559,571,0,0,1997
09/04/2021 18:35,808,1543,583,0,0,1997
09/04/2021 18:35,795,1532,591,0,0,1949
09/04/2021 18:35,780,1517,599,0,0,1901
09/04/2021 18:35,769,1506,611,0,0,1853
09/04/2021 18:35,753,1490,615,0,0,1806
09/04/2021 18:35,741,1478,626,0,0,1758
09/04/2021 18:35,729,1467,635,0,0,1710
09/04/2021 18:35,713,1452,646,0,0,1710
09/04/2021 18:35,701,1441,652,0,0,1662
09/04/2021 18:35,686,1426,662,0,0,1614
09/04/2021 18:35,675,1414,668,0,0,1566
09/04/2021 18:35,659,1399,681,0,0,1517
09/04/2021 18:35,646,1388,686,0,0,1469
09/04/2021 18:35,631,1373,696,0,0,1421
09/04/2021 18:35,618,1361,707,0,0,1373
09/04/2021 18:35,606,1351,711,0,0,1325
09/04/2021 18:35,590,1335,721,0,0,1325
09/04/2021 18:35,578,1324,730,0,0,1277
09/04/2021 18:35,563,1309,738,0,0,1229
09/04/2021 18:35,550,1298,747,0,0,1180
09/04/2021 18:35,534,1283,757,0,0,1132
09/04/2021 18:35,523,1272,762,0,0,1084
09/04/2021 18:35,506,1257,772,0,0,1035
09/04/2021 18:35,493,1246,779,0,0,987
09/04/2021 18:35,477,1236,785,0,0,987
09/04/2021 18:35,464,1221,792,0,0,938
09/04/2021 18:35,451,1209,801,0,0,890
09/04/2021 18:35,434,1195,811,0,0,890
09/04/2021 18:35,420,1183,820,0,0,841
09/04/2021 18:35,403,1169,828,0,0,792
09/04/2021 18:35,389,1157,836,0,0,743
09/04/2021 18:35,371,1143,844,0,0,694
09/04/2021 18:35,356,1132,851,0,0,645
09/04/2021 18:35,336,1118,858,0,0,596
09/04/2021 18:35,321,1106,867,0,0,596
09/04/2021 18:35,304,1096,871,0,0,547
09/04/2021 18:35,283,1081,879,0,0,447
09/04/2021 18:35,266,1069,884,0,0,447
09/04/2021 18:36,241,1056,897,0,0,397
09/04/2021 18:36,222,1044,902,0,0,347
09/04/2021 18:36,191,1030,910,0,0,296
09/04/2021 18:36,165,1018,917,0,0,244
09/04/2021 18:36,124,1004,927,0,0,244
09/04/2021 18:36,90,993,933,0,0,191
09/04/2021 18:36,53,982,940,0,0,135
09/04/2021 18:36,1,967,947,0,0,59
09/04/2021 18:36,0,955,954,0,0,0
09/04/2021 18:36,0,941,961,0,0,0
09/04/2021 18:36,0,931,968,0,0,0
09/04/2021 18:36,0,915,976,0,0,0
09/04/2021 18:36,0,903,978,0,0,0
09/04/2021 18:36,0,889,990,0,0,0
09/04/2021 18:36,0,878,994,0,0,0
09/04/2021 18:36,0,867,1002,0,0,0
09/04/2021 18:36,0,852,1008,0,0,0
09/04/2021 18:36,0,842,1015,0,0,0
09/04/2021 18:36,0,827,1025,0,0,0
09/04/2021 18:36,0,817,1030,0,0,0
09/04/2021 18:36,0,803,1039,0,0,0
09/04/2021 18:36,1,791,1044,0,0,0
09/04/2021 18:36,1,776,1054,0,0,0
09/04/2021 18:36,1,765,1060,0,0,0
09/04/2021 18:36,1,752,1067,0,0,0
09/04/2021 18:36,2,740,1074,0,0,0
09/04/2021 18:36,1,730,1079,0,0,0
09/04/2021 18:36,1,714,1087,0,0,0
09/04/2021 18:36,1,704,1094,0,0,0
09/04/2021 18:36,2,689,1101,0,0,0
09/04/2021 18:36,2,678,1106,0,0,0
09/04/2021 18:36,1,664,1115,0,0,0
09/04/2021 18:36,2,652,1121,0,0,0
09/04/2021 18:36,1,638,1129,0,0,0
09/04/2021 18:36,2,627,1133,0,0,0
09/04/2021 18:36,2,617,1139,0,0,0
09/04/2021 18:36,2,601,1149,0,0,0
09/04/2021 18:36,2,591,1154,0,0,0
09/04/2021 18:36,2,575,1161,0,0,0
09/04/2021 18:36,2,565,1166,0,0,0
09/04/2021 18:36,2,550,1174,0,0,0
09/04/2021 18:36,2,539,1179,0,0,0
09/04/2021 18:36,2,524,1189,0,0,0
09/04/2021 18:36,2,512,1196,0,0,0
09/04/2021 18:36,1,501,1200,0,0,0
09/04/2021 18:36,3,483,1202,0,0,0
09/04/2021 18:36,1,474,1214,0,0,0
09/04/2021 18:36,2,458,1221,0,0,0
09/04/2021 18:36,2,446,1226,0,0,0
09/04/2021 18:36,2,430,1234,0,0,0
09/04/2021 18:36,2,418,1238,0,0,0
09/04/2021 18:36,2,403,1245,0,0,0
09/04/2021 18:36,3,390,1252,0,0,0
09/04/2021 18:36,3,374,1254,0,0,0
09/04/2021 18:36,2,361,1262,0,0,0
09/04/2021 18:36,2,347,1268,0,0,0
09/04/2021 18:36,2,331,1275,0,0,0
09/04/2021 18:36,3,317,1279,0,0,0
09/04/2021 18:36,2,299,1288,0,0,0
09/04/2021 18:36,3,284,1290,0,0,0
09/04/2021 18:37,3,265,1296,0,0,0
09/04/2021 18:37,3,250,1302,0,0,0
09/04/2021 18:37,3,229,1311,0,0,0
09/04/2021 18:37,3,213,1314,0,0,0
09/04/2021 18:37,2,197,1319,0,0,0
09/04/2021 18:37,3,171,1325,0,0,0
09/04/2021 18:37,2,152,1332,0,0,0
09/04/2021 18:37,2,121,1337,0,0,0
09/04/2021 18:37,2,95,1343,0,0,0
09/04/2021 18:37,3,55,1348,0,0,0
09/04/2021 18:37,2,22,1352,0,0,0
09/04/2021 18:37,2,2,1346,0,0,0
09/04/2021 18:37,3,1,1334,0,0,0
09/04/2021 18:37,3,2,1323,0,0,0
09/04/2021 18:37,3,2,1308,0,0,0
09/04/2021 18:37,3,2,1297,0,0,0
09/04/2021 18:37,4,2,1281,0,0,0
09/04/2021 18:37,2,2,1267,0,0,0
09/04/2021 18:37,3,3,1250,0,0,0
09/04/2021 18:37,3,2,1237,0,0,0
09/04/2021 18:37,3,2,1219,0,0,0
09/04/2021 18:37,3,2,1205,0,0,0
09/04/2021 18:37,3,3,1193,0,0,0
09/04/2021 18:37,3,2,1175,0,0,0
09/04/2021 18:37,4,2,1161,0,0,0
09/04/2021 18:37,3,3,1144,0,0,0
09/04/2021 18:37,4,2,1131,0,0,0
09/04/2021 18:37,3,2,1113,0,0,0
09/04/2021 18:37,3,3,1100,0,0,0
09/04/2021 18:37,4,2,1081,0,0,0
09/04/2021 18:37,3,3,1070,0,0,0
09/04/2021 18:37,3,3,1052,0,0,0
09/04/2021 18:37,3,3,1039,0,0,0
09/04/2021 18:37,3,2,1025,0,0,0
09/04/2021 18:37,3,2,1009,0,0,0
09/04/2021 18:37,3,3,997,0,0,0
09/04/2021 18:37,4,2,978,0,0,0
09/04/2021 18:37,4,2,966,0,0,0
09/04/2021 18:37,4,3,950,0,0,0
09/04/2021 18:37,3,3,937,0,0,0
09/04/2021 18:37,3,3,920,0,0,0
09/04/2021 18:37,4,3,907,0,0,0
09/04/2021 18:37,3,3,895,0,0,0
09/04/2021 18:37,3,2,879,0,0,0
09/04/2021 18:37,4,3,865,0,0,0
09/04/2021 18:37,3,2,849,0,0,0
09/04/2021 18:37,4,2,836,0,0,0
09/04/2021 18:37,3,3,819,0,0,0
09/04/2021 18:37,3,2,807,0,0,0
09/04/2021 18:37,3,3,791,0,0,0
09/04/2021 18:37,4,2,779,0,0,0
09/04/2021 18:37,3,3,767,0,0,0
09/04/2021 18:37,4,3,750,0,0,0
09/04/2021 18:37,3,3,738,0,0,0
09/04/2021 18:37,4,3,721,0,0,0
09/04/2021 18:37,4,4,709,0,0,0
09/04/2021 18:37,3,3,693,0,0,0
09/04/2021 18:37,3,3,680,0,0,0
09/04/2021 18:37,3,3,663,0,0,0
09/04/2021 18:37,4,3,651,0,0,0
09/04/2021 18:38,4,3,634,0,0,0
09/04/2021 18:38,3,3,622,0,0,0
09/04/2021 18:38,3,3,609,0,0,0
09/04/2021 18:38,3,3,592,0,0,0
09/04/2021 18:38,3,3,580,0,0,0
09/04/2021 18:38,3,3,564,0,0,0
09/04/2021 18:38,3,3,552,0,0,0
09/04/2021 18:38,3,3,536,0,0,0
09/04/2021 18:38,4,3,524,0,0,0
09/04/2021 18:38,4,2,507,0,0,0
09/04/2021 18:38,3,2,496,0,0,0
09/04/2021 18:38,4,2,483,0,0,0
09/04/2021 18:38,4,2,467,0,0,0
09/04/2021 18:38,3,3,455,0,0,0
09/04/2021 18:38,3,3,439,0,0,0
09/04/2021 18:38,4,3,427,0,0,0
09/04/2021 18:38,4,3,410,0,0,0
09/04/2021 18:38,3,3,397,0,0,0
09/04/2021 18:38,4,3,381,0,0,0
09/04/2021 18:38,4,3,369,0,0,0
09/04/2021 18:38,4,3,357,0,0,0
09/04/2021 18:38,4,3,341,0,0,0
09/04/2021 18:38,3,3,328,0,0,0
09/04/2021 18:38,3,3,312,0,0,0
09/04/2021 18:38,4,4,299,0,0,0
09/04/2021 18:38,6,2,282,0,1,0
09/04/2021 18:38,0,3,268,0,1,0
09/04/2021 18:38,93,2,248,0,1,0
09/04/2021 18:38,176,3,235,0,1,0
09/04/2021 18:38,228,3,217,0,1,0
09/04/2021 18:38,283,3,202,0,1,0
09/04/2021 18:38,322,3,187,0,1,0
09/04/2021 18:38,363,2,167,0,1,0
09/04/2021 18:38,396,4,149,0,1,0
09/04/2021 18:38,449,4,127,0,1,0
09/04/2021 18:38,472,3,105,0,1,0
09/04/2021 18:38,498,3,68,0,1,0
09/04/2021 18:38,538,3,31,0,1,0
09/04/2021 18:38,565,3,5,1,1,0
09/04/2021 18:38,596,3,5,1,1,0
09/04/2021 18:38,606,12,7,1,1,0
09/04/2021 18:38,619,92,7,1,1,0
09/04/2021 18:38,619,139,6,1,1,0
09/04/2021 18:38,619,197,7,1,1,0
09/04/2021 18:38,614,232,6,1,1,0
09/04/2021 18:38,622,267,6,1,1,0
09/04/2021 18:38,638,289,6,1,1,0
09/04/2021 18:38,624,330,6,1,1,0
09/04/2021 18:38,625,339,6,1,1,0
09/04/2021 18:38,626,380,6,1,1,0
09/04/2021 18:38,641,408,5,1,1,0
09/04/2021 18:38,617,423,8,1,1,0
09/04/2021 18:38,630,454,6,1,1,0
09/04/2021 18:38,639,479,6,1,1,0
09/04/2021 18:38,619,499,7,1,1,0
09/04/2021 18:38,634,524,6,1,1,0
09/04/2021 18:38,612,541,7,1,1,0
09/04/2021 18:38,644,581,8,1,1,0
09/04/2021 18:38,620,598,7,1,1,0
09/04/2021 18:38,627,627,5,1,1,0
09/04/2021 18:39,633,637,6,1,1,0
09/04/2021 18:39,621,667,6,1,1,0
09/04/2021 18:39,628,690,5,1,1,0
09/04/2021 18:39,617,716,7,1,1,0
09/04/2021 18:39,626,727,6,1,1,0
09/04/2021 18:39,646,757,5,1,1,0
09/04/2021 18:39,629,774,8,1,1,0
09/04/2021 18:39,617,816,7,1,1,0
09/04/2021 18:39,616,836,7,1,1,0
09/04/2021 18:39,631,844,7,1,1,0
09/04/2021 18:39,616,871,6,1,1,0
09/04/2021 18:39,621,884,6,1,1,0
09/04/2021 18:39,610,928,5,1,1,0
09/04/2021 18:39,633,931,9,1,1,0
09/04/2021 18:39,614,964,7,1,1,0
09/04/2021 18:39,581,990,8,1,1,0
09/04/2021 18:39,622,1014,7,1,1,0
09/04/2021 18:39,599,1032,7,1,1,0
09/04/2021 18:39,609,1050,7,1,1,0
09/04/2021 18:39,598,1088,7,1,1,0
09/04/2021 18:39,587,1106,6,1,1,0
09/04/2021 18:39,585,1131,6,1,1,0
09/04/2021 18:39,598,1136,5,1,1,0
09/04/2021 18:39,634,1161,6,1,1,0
09/04/2021 18:39,609,1196,7,1,1,0
09/04/2021 18:39,617,1217,7,1,1,0
09/04/2021 18:39,593,1244,7,1,1,0
09/04/2021 18:39,599,1227,9,1,1,0
09/04/2021 18:39,610,1277,6,1,1,0
09/04/2021 18:39,600,1304,6,1,1,0
09/04/2021 18:39,578,1319,6,1,1,0
09/04/2021 18:39,607,1332,7,1,1,0
09/04/2021 18:39,603,1372,8,1,1,0
09/04/2021 18:39,599,1405,8,1,1,0
09/04/2021 18:39,587,1420,7,1,1,0
09/04/2021 18:39,552,1434,6,1,1,0
09/04/2021 18:39,570,1459,6,1,1,0
09/04/2021 18:39,588,1478,5,1,1,0
09/04/2021 18:39,575,1511,8,1,1,0
09/04/2021 18:39,563,1536,6,1,1,0
09/04/2021 18:39,567,1552,6,1,1,0
09/04/2021 18:39,563,1574,7,1,1,0
09/04/2021 18:39,547,1608,8,1,1,0
09/04/2021 18:39,551,1634,6,1,1,0
09/04/2021 18:39,533,1633,6,1,1,0
09/04/2021 18:39,543,1671,8,1,1,0
09/04/2021 18:39,512,1694,6,1,1,0
09/04/2021 18:39,515,1703,8,1,1,4774
09/04/2021 18:39,497,1725,5,1,1,4765
09/04/2021 18:39,494,1749,6,1,1,4765
09/04/2021 18:39,471,1787,7,1,1,4756
09/04/2021 18:39,470,1785,8,1,1,4747
09/04/2021 18:39,494,1822,7,1,1,4738
09/04/2021 18:39,506,1851,7,1,1,4729
09/04/2021 18:39,546,1872,9,1,1,4729
09/04/2021 18:39,597,1878,8,1,1,4720
09/04/2021 18:39,603,1912,7,1,1,4711
09/04/2021 18:39,658,1946,9,1,1,4702
09/04/2021 18:39,680,1936,28,0,1,4702
09/04/2021 18:39,693,1923,107,0,1,4694
09/04/2021 18:40,721,1913,137,0,1,4685
09/04/2021 18:40,781,1900,178,0,1,4676
09/04/2021 18:40,792,1889,209,0,1,4668
09/04/2021 18:40,817,1872,240,0,1,4668
09/04/2021 18:40,843,1858,265,0,1,4659
09/04/2021 18:40,873,1842,292,0,1,4651
09/04/2021 18:40,908,1833,309,0,1,4643
09/04/2021 18:40,939,1822,333,0,1,4635
09/04/2021 18:40,961,1807,365,0,1,4635
09/04/2021 18:40,995,1791,391,0,1,4627
09/04/2021 18:40,1017,1776,412,0,1,4618
09/04/2021 18:40,1056,1764,419,0,1,4610
09/04/2021 18:40,1085,1749,429,0,1,4610
09/04/2021 18:40,1109,1740,437,0,1,4603
09/04/2021 18:40,1138,1722,448,0,1,4595
09/04/2021 18:40,1167,1711,463,0,1,4587
09/04/2021 18:40,1202,1694,464,0,1,4579
09/04/2021 18:40,1208,1683,479,0,1,4579
09/04/2021 18:40,1238,1671,483,0,1,4572
09/04/2021 18:40,1278,1655,495,0,1,4564
09/04/2021 18:40,1295,1644,501,0,1,4556
09/04/2021 18:40,1324,1628,515,0,1,4556
09/04/2021 18:40,1370,1616,523,0,1,4549
09/04/2021 18:40,1403,1601,535,0,1,4542
09/04/2021 18:40,1413,1589,540,0,1,4534
09/04/2021 18:40,1467,1574,546,0,1,4527
09/04/2021 18:40,1491,1563,561,0,1,4527
09/04/2021 18:40,1502,1551,566,0,1,4520
09/04/2021 18:40,1532,1533,578,0,1,4513
09/04/2021 18:40,1555,1520,586,0,1,4506
09/04/2021 18:40,1608,1507,595,0,1,4506
09/04/2021 18:40,1624,1497,602,0,1,4499
09/04/2021 18:40,1661,1482,614,0,1,4492
09/04/2021 18:40,1676,1469,623,0,1,4485
09/04/2021 18:40,1725,1454,632,0,1,4478
09/04/2021 18:40,1730,1442,639,0,1,4478
09/04/2021 18:40,1768,1430,648,0,1,4471
09/04/2021 18:40,1791,1415,658,0,1,4465
09/04/2021 18:40,1810,1405,666,0,1,4465
09/04/2021 18:40,1864,1388,675,0,1,4458
09/04/2021 18:40,1881,1377,684,0,1,4451
09/04/2021 18:40,1918,1364,695,0,1,4404
09/04/2021 18:40,1942,1352,701,0,1,4356
09/04/2021 18:40,1956,1340,713,0,1,4309
09/04/2021 18:40,1976,1323,719,0,0,4261
09/04/2021 18:40,1968,1313,727,0,0,4213
09/04/2021 18:40,1954,1298,738,0,0,4166
09/04/2021 18:40,1939,1287,743,0,0,4166
09/04/2021 18:40,1923,1274,754,0,0,4118
09/04/2021 18:40,1910,1262,761,0,0,4071
09/04/2021 18:40,1890,1247,770,0,0,4023
09/04/2021 18:40,1879,1236,778,0,0,3975
09/04/2021 18:40,1862,1222,784,0,0,3928
09/04/2021 18:40,1848,1211,791,0,0,3880
09/04/2021 18:40,1831,1195,800,0,0,3880
09/04/2021 18:40,1818,1184,808,0,0,3833
09/04/2021 18:40,1803,1173,817,0,0,3785
09/04/2021 18:40,1789,1158,826,0,0,3737
09/04/2021 18:40,1773,1147,833,0,0,3690
09/04/2021 18:40,1758,1133,842,0,0,3642
09/04/2021 18:41,1742,1122,851,0,0,3594
09/04/2021 18:41,1726,1106,858,0,0,3594
09/04/2021 18:41,1713,1096,864,0,0,3547
09/04/2021 18:41,1693,1079,873,0,0,3499
09/04/2021 18:41,1684,1071,878,0,0,3452
09/04/2021 18:41,1667,1060,888,0,0,3404
09/04/2021 18:41,1653,1044,896,0,0,3404
09/04/2021 18:41,1637,1032,900,0,0,3356
09/04/2021 18:41,1618,1018,910,0,0,3309
09/04/2021 18:41,1607,1011,922,0,0,3261
09/04/2021 18:41,1590,993,925,0,0,3213
09/04/2021 18:41,1575,982,937,0,0,3166
09/04/2021 18:41,1560,966,944,0,0,3118
09/04/2021 18:41,1544,956,953,0,0,3070
09/04/2021 18:41,1530,944,959,0,0,3022
09/04/2021 18:41,1514,930,966,0,0,3022
09/04/2021 18:41,1501,918,975,0,0,2975
09/04/2021 18:41,1484,904,981,0,0,2927
09/04/2021 18:41,1470,891,988,0,0,2879
09/04/2021 18:41,1455,877,993,0,0,2832
09/04/2021 18:41,1439,867,1004,0,0,2784
09/04/2021 18:41,1425,850,1012,0,0,2736
09/04/2021 18:41,1409,841,1018,0,0,2736
09/04/2021 18:41,1394,826,1026,0,0,2688
09/04/2021 18:41,1379,816,1031,0,0,2641
09/04/2021 18:41,1365,803,1035,0,0,2593
09/04/2021 18:41,1349,788,1043,0,0,2545
09/04/2021 18:41,1334,778,1051,0,0,2497
09/04/2021 18:41,1320,763,1057,0,0,2450
09/04/2021 18:41,1305,752,1065,0,0,2450
09/04/2021 18:41,1289,739,1073,0,0,2402
09/04/2021 18:41,1274,727,1080,0,0,2354
09/04/2021 18:41,1260,712,1090,0,0,2306
09/04/2021 18:41,1246,700,1094,0,0,2258
09/04/2021 18:41,1234,691,1101,0,0,2211
09/04/2021 18:41,1218,674,1108,0,0,2163
09/04/2021 18:41,1204,664,1114,0,0,2163
09/04/2021 18:41,1188,648,1122,0,0,2115
09/04/2021 18:41,1174,640,1130,0,0,2067
09/04/2021 18:41,1158,622,1137,0,0,2019
09/04/2021 18:41,1140,612,1141,0,0,1971
09/04/2021 18:41,1131,597,1148,0,0,1923
09/04/2021 18:41,1125,587,1152,0,0,1875
09/04/2021 18:41,1111,575,1157,0,0,1875
09/04/2021 18:41,1100,560,1162,0,0,1827
09/04/2021 18:41,1087,549,1169,0,0,1780
09/04/2021 18:41,1071,534,1179,0,0,1732
09/04/2021 18:41,1059,521,1185,0,0,1684
09/04/2021 18:41,1043,506,1191,0,0,1636
09/04/2021 18:41,1030,496,1197,0,0,1588
09/04/2021 18:41,1014,480,1205,0,0,1588
09/04/2021 18:41,1002,468,1212,0,0,1539
09/04/2021 18:41,986,452,1217,0,0,1491
09/04/2021 18:41,972,442,1224,0,0,1443
09/04/2021 18:41,960,429,1230,0,0,1395
09/04/2021 18:41,944,412,1239,0,0,1347
09/04/2021 18:41,932,401,1247,0,0,1299
09/04/2021 18:41,916,384,1253,0,0,1251
09/04/2021 18:41,904,371,1257,0,0,1251
09/04/2021 18:41,887,354,1265,0,0,1202
09/04/2021 18:42,876,341,1272,0,0,1154
09/04/2021 18:42,859,324,1275,0,0,1106
09/04/2021 18:42,848,309,1282,0,0,1057
09/04/2021 18:42,835,296,1287,0,0,1009
09/04/2021 18:42,819,277,1295,0,0,960
09/04/2021 18:42,807,262,1299,0,0,960
09/04/2021 18:42,791,241,1306,0,0,912
09/04/2021 18:42,779,226,1313,0,0,863
09/04/2021 18:42,763,203,1319,0,0,815
09/04/2021 18:42,752,185,1323,0,0,766
09/04/2021 18:42,736,159,1330,0,0,717
09/04/2021 18:42,724,139,1337,0,0,668
09/04/2021 18:42,708,114,1341,0,0,668
09/04/2021 18:42,696,77,1346,0,0,619
09/04/2021 18:42,684,46,1355,0,0,569
09/04/2021 18:42,668,3,1356,0,0,520
09/04/2021 18:42,657,2,1342,0,0,470
09/04/2021 18:42,640,2,1328,0,0,420
09/04/2021 18:42,628,2,1316,0,0,370
09/04/2021 18:42,613,2,1302,0,0,319
09/04/2021 18:42,600,3,1290,0,0,319
09/04/2021 18:42,585,3,1276,0,0,268
09/04/2021 18:42,573,2,1258,0,0,215
09/04/2021 18:42,561,2,1245,0,0,161
09/04/2021 18:42,545,3,1227,0,0,104
09/04/2021 18:42,532,2,1214,0,0,10
09/04/2021 18:42,516,3,1196,0,0,10
09/04/2021 18:42,504,3,1184,0,0,0
09/04/2021 18:42,486,2,1166,0,0,0
09/04/2021 18:42,474,3,1153,0,0,0
09/04/2021 18:42,457,2,1136,0,0,0
09/04/2021 18:42,443,3,1123,0,0,0
09/04/2021 18:42,430,3,1109,0,0,0
09/04/2021 18:42,412,3,1092,0,0,0
09/04/2021 18:42,399,3,1078,0,0,0
09/04/2021 18:42,379,3,1061,0,0,0
09/04/2021 18:42,365,3,1048,0,0,0
09/04/2021 18:42,345,3,1030,0,0,0
09/04/2021 18:42,330,4,1018,0,0,0
09/04/2021 18:42,308,3,1000,0,0,0
09/04/2021 18:42,293,3,987,0,0,0
09/04/2021 18:42,270,3,974,0,0,0
09/04/2021 18:42,252,3,957,0,0,0
09/04/2021 18:42,233,3,945,0,0,0
09/04/2021 18:42,205,3,929,0,0,0
09/04/2021 18:42,179,3,915,0,0,0
09/04/2021 18:42,141,4,899,0,0,0
09/04/2021 18:42,109,3,887,0,0,0
09/04/2021 18:42,61,3,871,0,0,0
09/04/2021 18:42,21,3,857,0,0,0
09/04/2021 18:42,0,4,844,0,0,0
09/04/2021 18:42,0,2,828,0,0,0
09/04/2021 18:42,0,4,816,0,0,0
09/04/2021 18:42,0,3,799,0,0,0
09/04/2021 18:42,0,3,787,0,0,0
09/04/2021 18:42,0,4,770,0,0,0
09/04/2021 18:42,0,3,758,0,0,0
09/04/2021 18:42,0,4,741,0,0,0
09/04/2021 18:42,0,3,730,0,0,0
09/04/2021 18:42,0,3,713,0,0,0
09/04/2021 18:43,0,3,701,0,0,0
09/04/2021 18:43,0,3,687,0,0,0
09/04/2021 18:43,0,3,672,0,0,0
09/04/2021 18:43,0,3,659,0,0,0
09/04/2021 18:43,0,3,643,0,0,0
09/04/2021 18:43,0,3,630,0,0,0
09/04/2021 18:43,0,3,614,0,0,0
09/04/2021 18:43,0,4,600,0,0,0
09/04/2021 18:43,0,4,585,0,0,0
09/04/2021 18:43,0,4,572,0,0,0
09/04/2021 18:43,0,3,559,0,0,0
09/04/2021 18:43,0,4,543,0,0,0
09/04/2021 18:43,0,4,531,0,0,0
09/04/2021 18:43,0,4,515,0,0,0
09/04/2021 18:43,0,4,502,0,0,0
09/04/2021 18:43,1,4,486,0,0,0
09/04/2021 18:43,0,4,475,0,0,0
09/04/2021 18:43,0,3,458,0,0,0
09/04/2021 18:43,0,4,446,0,0,0
09/04/2021 18:43,0,4,435,0,0,0
09/04/2021 18:43,0,3,419,0,0,0
09/04/2021 18:43,0,3,405,0,0,0
09/04/2021 18:43,0,3,390,0,0,0
09/04/2021 18:43,0,3,378,0,0,0
09/04/2021 18:43,0,3,361,0,0,0
09/04/2021 18:43,0,3,348,0,0,0
09/04/2021 18:43,0,3,332,0,0,0
09/04/2021 18:43,0,3,319,0,0,0
09/04/2021 18:43,0,3,302,0,0,0
09/04/2021 18:43,0,3,290,0,0,0
09/04/2021 18:43,1,3,276,0,0,0
09/04/2021 18:43,1,3,258,0,0,0
09/04/2021 18:43,0,3,245,0,0,0
09/04/2021 18:43,0,4,225,0,0,0
09/04/2021 18:43,1,3,212,0,0,0
09/04/2021 18:43,0,4,193,0,0,0
09/04/2021 18:43,0,4,176,0,0,0
09/04/2021 18:43,0,3,154,0,0,0
09/04/2021 18:43,1,4,137,0,0,0
09/04/2021 18:43,1,4,118,0,0,0
09/04/2021 18:43,0,4,88,0,0,0
09/04/2021 18:43,0,3,55,0,0,0
09/04/2021 18:43,1,4,13,1,0,0
09/04/2021 18:43,0,4,6,1,0,0
09/04/2021 18:43,1,3,6,1,0,0
09/04/2021 18:43,1,62,6,1,0,0
09/04/2021 18:43,1,129,7,1,0,0
09/04/2021 18:43,0,169,6,1,0,0
09/04/2021 18:43,0,217,6,1,0,0
09/04/2021 18:43,1,254,7,1,0,0
09/04/2021 18:43,0,272,6,1,0,0
09/04/2021 18:43,0,313,6,1,0,0
09/04/2021 18:43,0,329,7,1,0,0
09/04/2021 18:43,1,367,7,1,0,0
09/04/2021 18:43,0,388,5,1,0,0
09/04/2021 18:43,1,420,6,1,0,0
09/04/2021 18:43,1,443,7,1,0,0
09/04/2021 18:43,1,477,7,1,0,0
09/04/2021 18:43,2,497,6,1,0,0
09/04/2021 18:43,2,519,7,1,0,0
09/04/2021 18:44,1,542,7,1,0,0
09/04/2021 18:44,0,559,7,1,0,0
09/04/2021 18:44,1,595,6,1,0,0
09/04/2021 18:44,1,608,6,1,0,0
09/04/2021 18:44,2,634,8,1,0,0
09/04/2021 18:44,1,655,6,1,0,0
09/04/2021 18:44,1,696,5,1,0,0
09/04/2021 18:44,0,702,6,1,0,0
09/04/2021 18:44,1,722,6,1,0,0
09/04/2021 18:44,2,751,7,1,0,0
09/04/2021 18:44,1,764,7,1,0,0
09/04/2021 18:44,1,805,6,1,0,0
09/04/2021 18:44,1,818,7,1,0,0
09/04/2021 18:44,1,839,6,1,0,0
09/04/2021 18:44,0,865,7,1,0,0
09/04/2021 18:44,1,889,7,1,0,0
09/04/2021 18:44,0,912,7,1,0,0
09/04/2021 18:44,0,945,7,1,0,0
09/04/2021 18:44,1,945,6,1,0,0
09/04/2021 18:44,2,971,7,1,0,0
09/04/2021 18:44,1,1009,6,1,0,0
09/04/2021 18:44,1,1024,6,1,0,0
09/04/2021 18:44,1,1061,6,1,0,0
09/04/2021 18:44,1,1065,6,1,0,0
09/04/2021 18:44,3,1107,7,1,0,0
09/04/2021 18:44,0,1110,7,1,0,0
09/04/2021 18:44,1,1144,6,1,0,0
09/04/2021 18:44,3,1163,7,1,0,0
09/04/2021 18:44,1,1179,7,1,0,0
09/04/2021 18:44,1,1210,7,1,1,0
09/04/2021 18:44,4,1229,7,1,1,0
09/04/2021 18:44,83,1253,7,1,1,0
09/04/2021 18:44,160,1277,6,1,1,0
09/04/2021 18:44,230,1304,5,1,1,0
09/04/2021 18:44,275,1319,5,1,1,0
09/04/2021 18:44,318,1345,8,1,1,0
09/04/2021 18:44,350,1365,6,1,1,0
09/04/2021 18:44,402,1383,8,1,1,0
09/04/2021 18:44,432,1404,7,1,1,0
09/04/2021 18:44,461,1427,7,1,1,0
09/04/2021 18:44,499,1445,5,1,1,0
09/04/2021 18:44,527,1469,7,1,1,0
09/04/2021 18:44,576,1496,7,1,1,0
09/04/2021 18:44,578,1520,7,1,1,0
09/04/2021 18:44,625,1546,5,1,1,0
09/04/2021 18:44,640,1575,7,1,1,0
09/04/2021 18:44,681,1605,6,1,1,0
09/04/2021 18:44,709,1622,7,1,1,0
09/04/2021 18:44,744,1636,5,1,1,0
09/04/2021 18:44,766,1671,7,1,1,0
09/04/2021 18:44,786,1693,9,1,1,0
09/04/2021 18:44,811,1697,8,1,1,0
09/04/2021 18:44,866,1734,6,1,1,0
09/04/2021 18:44,875,1755,7,1,1,0
09/04/2021 18:44,903,1770,7,1,1,0
09/04/2021 18:44,957,1809,7,1,1,0
09/04/2021 18:44,961,1828,7,1,1,0
09/04/2021 18:44,992,1857,7,1,1,0
09/04/2021 18:44,1023,1861,7,1,1,0
09/04/2021 18:44,1067,1889,8,1,1,0
09/04/2021 18:45,1090,1917,7,1,1,0
09/04/2021 18:45,1109,1937,6,1,1,0
09/04/2021 18:45,1152,1939,37,0,1,0
09/04/2021 18:45,1160,1930,96,0,1,0
09/04/2021 18:45,1193,1916,141,0,1,0
09/04/2021 18:45,1227,1906,171,0,1,0
09/04/2021 18:45,1254,1895,201,0,1,0
09/04/2021 18:45,1275,1879,235,0,1,0
09/04/2021 18:45,1302,1865,256,0,1,0
09/04/2021 18:45,1342,1851,288,0,1,0
09/04/2021 18:45,1361,1838,308,0,1,0
09/04/2021 18:45,1395,1824,337,0,1,0
09/04/2021 18:45,1417,1813,363,0,1,0
09/04/2021 18:45,1454,1797,393,0,1,0
09/04/2021 18:45,1481,1783,406,0,1,0
09/04/2021 18:45,1510,1767,417,0,1,0
09/04/2021 18:45,1532,1757,426,0,1,0
09/04/2021 18:45,1571,1747,432,0,1,0
09/04/2021 18:45,1590,1729,445,0,1,0
09/04/2021 18:45,1630,1718,454,0,1,0
09/04/2021 18:45,1654,1702,464,0,1,0
09/04/2021 18:45,1684,1689,474,0,1,0
09/04/2021 18:45,1716,1673,485,0,1,0
09/04/2021 18:45,1740,1663,494,0,1,0
09/04/2021 18:45,1773,1646,504,0,1,0
09/04/2021 18:45,1800,1634,513,0,1,0
09/04/2021 18:45,1832,1624,522,0,1,0
09/04/2021 18:45,1861,1607,532,0,1,0
09/04/2021 18:45,1883,1595,537,0,1,0
09/04/2021 18:45,1919,1582,550,0,1,0
09/04/2021 18:45,1947,1569,558,0,1,0
09/04/2021 18:45,1977,1553,568,0,1,0
09/04/2021 18:45,1980,1542,575,0,0,0
09/04/2021 18:45,1965,1525,586,0,0,0
09/04/2021 18:45,1950,1515,594,0,0,0
09/04/2021 18:45,1933,1504,602,0,0,0
09/04/2021 18:45,1923,1486,613,0,0,0
09/04/2021 18:45,1907,1475,618,0,0,0
09/04/2021 18:45,1891,1460,630,0,0,0
09/04/2021 18:45,1877,1449,638,0,0,0
09/04/2021 18:45,1860,1434,651,0,0,0
09/04/2021 18:45,1847,1423,655,0,0,0
09/04/2021 18:45,1828,1407,665,0,0,0
09/04/2021 18:45,1816,1394,674,0,0,0
09/04/2021 18:45,1799,1380,680,0,0,0
09/04/2021 18:45,1782,1370,692,0,0,0
09/04/2021 18:45,1772,1357,699,0,0,0
09/04/2021 18:45,1752,1343,707,0,0,0
09/04/2021 18:45,1739,1333,718,0,0,0
09/04/2021 18:45,1725,1317,723,0,0,0
09/04/2021 18:45,1710,1306,734,0,0,0
09/04/2021 18:45,1694,1290,742,0,0,0
09/04/2021 18:45,1679,1279,752,0,0,0
09/04/2021 18:45,1661,1264,761,0,0,0
09/04/2021 18:45,1647,1253,765,0,0,0
09/04/2021 18:45,1636,1243,773,0,0,0
09/04/2021 18:45,1617,1228,780,0,0,0
09/04/2021 18:45,1603,1218,790,0,0,0
09/04/2021 18:45,1589,1203,798,0,0,0
09/04/2021 18:45,1574,1192,802,0,0,0
09/04/2021 18:46,1554,1177,814,0,0,0
09/04/2021 18:46,1543,1166,819,0,0,0
09/04/2021 18:46,1525,1149,832,0,0,0
09/04/2021 18:46,1511,1141,840,0,0,0
09/04/2021 18:46,1495,1127,843,0,0,0
09/04/2021 18:46,1482,1115,855,0,0,0
09/04/2021 18:46,1468,1103,862,0,0,0
09/04/2021 18:46,1452,1088,871,0,0,0
09/04/2021 18:46,1437,1077,877,0,0,0
09/04/2021 18:46,1422,1064,884,0,0,0
09/04/2021 18:46,1408,1052,893,0,0,0
09/04/2021 18:46,1391,1039,903,0,0,0
09/04/2021 18:46,1380,1025,906,0,0,0
09/04/2021 18:46,1360,1011,915,0,0,0
09/04/2021 18:46,1346,1001,923,0,0,0
09/04/2021 18:46,1336,987,930,0,0,0
09/04/2021 18:46,1316,975,934,0,0,0
09/04/2021 18:46,1305,961,946,0,0,0
09/04/2021 18:46,1284,947,951,0,0,0
09/04/2021 18:46,1274,935,957,0,0,0
09/04/2021 18:46,1257,921,966,0,0,0
09/04/2021 18:46,1245,908,973,0,0,0
09/04/2021 18:46,1227,895,981,0,0,0
09/04/2021 18:46,1215,883,987,0,0,0
09/04/2021 18:46,1203,872,993,0,0,0
09/04/2021 18:46,1184,858,1003,0,0,0
09/04/2021 18:46,1173,847,1008,0,0,0
09/04/2021 18:46,1154,832,1018,0,0,0
09/04/2021 18:46,1143,820,1023,0,0,0
09/04/2021 18:46,1122,806,1034,0,0,0
09/04/2021 18:46,1112,795,1038,0,0,0
09/04/2021 18:46,1106,781,1047,0,0,0
09/04/2021 18:46,1097,770,1053,0,0,0
09/04/2021 18:46,1082,760,1059,0,0,0
09/04/2021 18:46,1068,745,1067,0,0,0
09/04/2021 18:46,1055,733,1074,0,0,0
09/04/2021 18:46,1040,719,1080,0,0,0
09/04/2021 18:46,1027,708,1091,0,0,0
09/04/2021 18:46,1011,694,1099,0,0,0
09/04/2021 18:46,1000,682,1106,0,0,0
09/04/2021 18:46,983,667,1109,0,0,0
09/04/2021 18:46,970,656,1116,0,0,0
09/04/2021 18:46,955,642,1122,0,0,0
09/04/2021 18:46,943,631,1132,0,0,0
09/04/2021 18:46,929,620,1136,0,0,0
09/04/2021 18:46,914,606,1141,0,0,0
09/04/2021 18:46,902,594,1146,0,0,0
09/04/2021 18:46,886,580,1155,0,0,0
09/04/2021 18:46,874,568,1161,0,0,0
09/04/2021 18:46,857,554,1168,0,0,0
09/04/2021 18:46,846,541,1171,0,0,0
09/04/2021 18:46,830,527,1177,0,0,0
09/04/2021 18:46,817,517,1184,0,0,0
09/04/2021 18:46,805,505,1192,0,0,0
09/04/2021 18:46,790,489,1198,0,0,0
09/04/2021 18:46,778,478,1203,0,0,0
09/04/2021 18:46,762,462,1211,0,0,0
09/04/2021 18:46,750,450,1216,0,0,0
09/04/2021 18:46,734,435,1224,0,0,0
09/04/2021 18:46,722,423,1230,0,0,0
09/04/2021 18:47,706,407,1239,0,0,0
09/04/2021 18:47,694,394,1245,0,0,0
09/04/2021 18:47,679,382,1250,0,0,0
09/04/2021 18:47,666,365,1255,0,0,0
09/04/2021 18:47,654,351,1265,0,0,0
09/04/2021 18:47,639,334,1269,0,0,0
09/04/2021 18:47,627,322,1275,0,0,0
09/04/2021 18:47,610,303,1283,0,0,4775
09/04/2021 18:47,598,288,1290,0,0,4765
09/04/2021 18:47,582,270,1294,0,0,4756
09/04/2021 18:47,569,255,1298,0,0,4747
09/04/2021 18:47,553,234,1307,0,0,4747
09/04/2021 18:47,541,217,1311,0,0,4738
09/04/2021 18:47,528,200,1315,0,0,4729
09/04/2021 18:47,511,177,1320,0,0,4720
09/04/2021 18:47,499,156,1326,0,0,4720
09/04/2021 18:47,483,127,1332,0,0,4711
09/04/2021 18:47,468,102,1338,0,0,4702
09/04/2021 18:47,452,63,1341,0,0,4694
09/04/2021 18:47,439,30,1350,0,0,4694
09/04/2021 18:47,420,2,1344,0,0,4685
09/04/2021 18:47,407,3,1333,0,0,4677
09/04/2021 18:47,394,2,1322,0,0,4677
09/04/2021 18:47,374,2,1307,0,0,4668
09/04/2021 18:47,360,3,1297,0,0,4660
09/04/2021 18:47,340,3,1279,0,0,4651
09/04/2021 18:47,325,2,1266,0,0,4651
09/04/2021 18:47,304,2,1249,0,0,4643
09/04/2021 18:47,287,3,1236,0,0,4635
09/04/2021 18:47,264,3,1218,0,0,4627
09/04/2021 18:47,246,3,1205,0,0,4627
09/04/2021 18:47,218,2,1191,0,0,4619
09/04/2021 18:47,194,3,1174,0,0,4611
09/04/2021 18:47,169,3,1160,0,0,4603
09/04/2021 18:47,127,3,1143,0,0,4595
09/04/2021 18:47,93,3,1129,0,0,4595
09/04/2021 18:47,42,4,1113,0,0,4587
09/04/2021 18:47,2,3,1101,0,0,4579
09/04/2021 18:47,0,4,1082,0,0,4579
09/04/2021 18:47,0,3,1068,0,0,4572
09/04/2021 18:47,0,3,1055,0,0,4564
09/04/2021 18:47,0,3,1038,0,0,4557
09/04/2021 18:47,0,3,1025,0,0,4549
09/04/2021 18:47,0,3,1008,0,0,4549
09/04/2021 18:47,0,4,995,0,0,4542
09/04/2021 18:47,1,3,979,0,0,4542
09/04/2021 18:47,0,3,966,0,0,4534
09/04/2021 18:47,0,3,948,0,0,4527
09/04/2021 18:47,0,3,935,0,0,4520
09/04/2021 18:47,0,4,919,0,0,4513
09/04/2021 18:47,0,3,907,0,0,4506
09/04/2021 18:47,0,4,893,0,0,4499
09/04/2021 18:47,0,4,876,0,0,4499
09/04/2021 18:47,1,3,864,0,0,4492
09/04/2021 18:47,1,3,848,0,0,4485
09/04/2021 18:47,1,3,835,0,0,4478
09/04/2021 18:47,1,3,819,0,0,4478
09/04/2021 18:47,1,3,807,0,0,4471
09/04/2021 18:47,1,3,790,0,0,4465
09/04/2021 18:47,1,4,778,0,0,4458
09/04/2021 18:48,1,4,769,0,0,4458
09/04/2021 18:48,1,4,748,0,0,4452
09/04/2021 18:48,1,3,737,0,0,4404
09/04/2021 18:48,1,3,720,0,0,4356
09/04/2021 18:48,1,3,707,0,0,4309
09/04/2021 18:48,1,3,690,0,0,4309
09/04/2021 18:48,1,3,678,0,0,4261
09/04/2021 18:48,1,4,665,0,0,4214
09/04/2021 18:48,1,4,649,0,0,4166
09/04/2021 18:48,1,3,636,0,0,4118
09/04/2021 18:48,2,3,620,0,0,4071
09/04/2021 18:48,1,4,608,0,0,4023
09/04/2021 18:48,1,4,591,0,0,4023
09/04/2021 18:48,2,4,578,0,0,3976
09/04/2021 18:48,1,3,563,0,0,3928
09/04/2021 18:48,2,4,550,0,0,3880
09/04/2021 18:48,1,4,533,0,0,3833
09/04/2021 18:48,1,5,522,0,0,3785
09/04/2021 18:48,1,4,510,0,0,3738
09/04/2021 18:48,1,3,493,0,0,3690
09/04/2021 18:48,2,3,481,0,0,3642
09/04/2021 18:48,2,4,465,0,0,3642
09/04/2021 18:48,1,4,453,0,0,3595
09/04/2021 18:48,1,4,436,0,0,3547
09/04/2021 18:48,2,3,425,0,0,3499
09/04/2021 18:48,2,3,408,0,0,3452
09/04/2021 18:48,1,4,396,0,0,3404
09/04/2021 18:48,2,3,384,0,0,3404
09/04/2021 18:48,2,4,368,0,0,3356
09/04/2021 18:48,1,3,355,0,0,3309
09/04/2021 18:48,1,4,338,0,0,3309
09/04/2021 18:48,2,4,326,0,0,3261
09/04/2021 18:48,2,3,308,0,0,3213
09/04/2021 18:48,1,4,295,0,0,3166
09/04/2021 18:48,1,4,278,0,0,3118
09/04/2021 18:48,1,4,265,0,0,3118
09/04/2021 18:48,1,4,251,0,0,3070
09/04/2021 18:48,2,4,232,0,0,3023
09/04/2021 18:48,2,3,219,0,0,2975
09/04/2021 18:48,2,4,199,0,0,2975
09/04/2021 18:48,2,4,185,0,0,2927
09/04/2021 18:48,2,3,164,0,0,2880
09/04/2021 18:48,2,4,146,0,0,2880
09/04/2021 18:48,2,3,121,0,0,2832
09/04/2021 18:48,2,3,101,0,0,2784
09/04/2021 18:48,2,4,61,0,0,2736
09/04/2021 18:48,2,4,23,0,0,2736
09/04/2021 18:48,2,4,5,1,0,2689
09/04/2021 18:48,2,5,6,1,0,2641
09/04/2021 18:48,2,30,4,1,0,2593
09/04/2021 18:48,1,106,6,1,0,2545
09/04/2021 18:48,2,155,6,1,0,2498
09/04/2021 18:48,2,206,5,1,0,2450
09/04/2021 18:48,2,234,6,1,0,2450
09/04/2021 18:48,1,273,6,1,0,2402
09/04/2021 18:48,2,301,6,1,0,2354
09/04/2021 18:48,1,319,7,1,0,2354
09/04/2021 18:48,2,366,5,1,0,2306
09/04/2021 18:48,2,387,6,1,0,2259
09/04/2021 18:48,3,407,6,1,0,2259
09/04/2021 18:49,2,439,11,1,0,2211
09/04/2021 18:49,2,455,6,1,0,2163
09/04/2021 18:49,2,488,7,1,0,2115
09/04/2021 18:49,1,499,25,1,0,2067
09/04/2021 18:49,2,508,108,1,0,2019
09/04/2021 18:49,2,527,150,1,0,2019
09/04/2021 18:49,2,521,189,1,0,1971
09/04/2021 18:49,2,541,221,1,0,1923
09/04/2021 18:49,1,550,255,1,0,1876
09/04/2021 18:49,2,557,274,1,0,1876
09/04/2021 18:49,3,579,272,1,0,1828
09/04/2021 18:49,4,587,306,1,0,1828
09/04/2021 18:49,1,603,353,1,0,1780
09/04/2021 18:49,2,602,360,1,0,1732
09/04/2021 18:49,3,619,370,1,0,1684
09/04/2021 18:49,2,631,403,1,0,1636
09/04/2021 18:49,2,645,419,1,0,1636
09/04/2021 18:49,2,659,440,1,0,1588
09/04/2021 18:49,2,667,472,1,0,1540
09/04/2021 18:49,7,680,484,1,1,1492
09/04/2021 18:49,1,694,503,1,1,1492
09/04/2021 18:49,76,711,516,1,1,1443
09/04/2021 18:49,147,701,537,1,1,1395
09/04/2021 18:49,223,747,562,1,1,1395
09/04/2021 18:49,266,739,589,1,1,1347
09/04/2021 18:49,318,743,622,1,1,1299
09/04/2021 18:49,341,756,621,1,1,1251
09/04/2021 18:49,408,768,653,1,1,1202
09/04/2021 18:49,439,771,675,1,1,1154
09/04/2021 18:49,452,798,703,1,1,1154
09/04/2021 18:49,510,796,721,1,1,1106
09/04/2021 18:49,528,803,735,1,1,1057
09/04/2021 18:49,563,820,763,1,1,1009
09/04/2021 18:49,603,836,783,1,1,961
09/04/2021 18:49,625,840,797,1,1,912
09/04/2021 18:49,644,855,820,1,1,912
09/04/2021 18:49,664,868,840,1,1,912
09/04/2021 18:49,715,870,860,1,1,1013
09/04/2021 18:49,744,878,884,1,1,1138
09/04/2021 18:49,757,878,906,1,1,1138
09/04/2021 18:49,807,898,929,1,1,1245
09/04/2021 18:49,827,922,944,1,1,1340
09/04/2021 18:49,857,942,968,1,1,1425
09/04/2021 18:49,892,940,984,1,1,1503
09/04/2021 18:49,910,955,1007,1,1,1503
09/04/2021 18:49,948,962,1024,1,1,1575
09/04/2021 18:49,962,977,1052,1,1,1642
09/04/2021 18:49,1000,987,1068,1,1,1642
09/04/2021 18:49,1022,992,1099,1,1,1704
09/04/2021 18:49,1057,1001,1115,1,1,1762
09/04/2021 18:49,1079,1013,1138,1,1,1762
09/04/2021 18:49,1115,1030,1166,1,1,1817
09/04/2021 18:49,1144,1046,1181,1,1,1869
09/04/2021 18:49,1162,1054,1198,1,1,1918
09/04/2021 18:49,1195,1059,1222,1,1,1965
09/04/2021 18:49,1219,1061,1243,1,1,1965
09/04/2021 18:49,1251,1085,1269,1,1,2010
09/04/2021 18:49,1277,1084,1288,1,1,2052
09/04/2021 18:49,1311,1098,1304,1,1,2093
09/04/2021 18:49,1342,1109,1330,1,1,2093
09/04/2021 18:50,1358,1104,1347,1,1,2132
09/04/2021 18:50,1407,1126,1374,1,1,2170
09/04/2021 18:50,1427,1133,1400,1,1,2206
09/04/2021 18:50,1459,1153,1417,1,1,2206
09/04/2021 18:50,1477,1157,1442,1,1,2241
09/04/2021 18:50,1494,1161,1460,1,1,2274
09/04/2021 18:50,1541,1172,1483,1,1,2307
09/04/2021 18:50,1556,1180,1503,1,1,2338
09/04/2021 18:50,1598,1193,1530,1,1,2338
09/04/2021 18:50,1622,1227,1551,1,1,2368
09/04/2021 18:50,1646,1205,1568,1,1,2397
09/04/2021 18:50,1688,1229,1595,1,1,2426
09/04/2021 18:50,1709,1235,1617,1,1,2426
09/04/2021 18:50,1737,1246,1646,1,1,2453
09/04/2021 18:50,1765,1244,1660,1,1,2480
09/04/2021 18:50,1805,1270,1686,1,1,2505
09/04/2021 18:50,1828,1283,1706,1,1,2530
09/04/2021 18:50,1843,1289,1730,1,1,2530
09/04/2021 18:50,1896,1284,1749,1,1,2555
09/04/2021 18:50,1905,1307,1772,1,1,2578
09/04/2021 18:50,1932,1322,1793,1,1,2602
09/04/2021 18:50,1966,1314,1827,1,1,2602
09/04/2021 18:50,1977,1334,1845,1,0,2624
09/04/2021 18:50,1972,1333,1861,1,0,2646
09/04/2021 18:50,1962,1348,1886,1,0,2667
09/04/2021 18:50,1949,1350,1908,1,0,2667
09/04/2021 18:50,1931,1368,1934,1,0,2688
09/04/2021 18:50,1918,1375,1954,1,0,2708
09/04/2021 18:50,1902,1386,1979,1,0,2728
09/04/2021 18:50,1889,1388,2001,1,0,2747
09/04/2021 18:50,1868,1427,2027,1,0,2747
09/04/2021 18:50,1860,1410,2046,1,0,2766
09/04/2021 18:50,1843,1432,2068,1,0,2784
09/04/2021 18:50,1825,1441,2099,1,0,2802
09/04/2021 18:50,1815,1435,2123,1,0,2802
09/04/2021 18:50,1796,1446,2143,1,0,2819
09/04/2021 18:50,1777,1452,2163,1,0,2836
09/04/2021 18:50,1764,1464,2185,1,0,2828
09/04/2021 18:50,1752,1471,2210,1,0,2780
09/04/2021 18:50,1734,1489,2233,1,0,2780
09/04/2021 18:50,1719,1503,2260,1,0,2798
09/04/2021 18:50,1700,1507,2284,1,0,2816
09/04/2021 18:50,1689,1527,2301,1,0,2833
09/04/2021 18:50,1676,1539,2327,1,0,2833
09/04/2021 18:50,1656,1530,2350,1,0,2850
09/04/2021 18:50,1647,1551,2372,1,0,2866
09/04/2021 18:50,1626,1560,2400,1,0,2882
09/04/2021 18:50,1613,1558,2423,1,0,2898
09/04/2021 18:50,1594,1573,2446,1,0,2898
09/04/2021 18:50,1585,1584,2468,1,0,2913
09/04/2021 18:50,1566,1593,2495,1,0,2928
09/04/2021 18:50,1554,1590,2514,1,0,2928
09/04/2021 18:50,1539,1599,2541,1,0,2943
09/04/2021 18:50,1523,1623,2568,1,0,2957
09/04/2021 18:50,1511,1620,2585,1,0,2971
09/04/2021 18:50,1489,1633,2615,1,0,2971
09/04/2021 18:50,1480,1637,2633,1,0,2985
09/04/2021 18:50,1464,1682,2659,1,0,2999
09/04/2021 18:50,1444,1648,2685,1,0,3012
09/04/2021 18:50,1431,1673,2711,1,0,3012
09/04/2021 18:51,1419,1678,2731,1,0,3025
09/04/2021 18:51,1398,1687,2756,1,0,3038
09/04/2021 18:51,1387,1706,2782,1,0,3038
09/04/2021 18:51,1373,1711,2803,1,0,3050
09/04/2021 18:51,1359,1736,2830,1,0,3062
09/04/2021 18:51,1341,1729,2851,1,0,3074
09/04/2021 18:51,1331,1725,2880,1,0,3074
09/04/2021 18:51,1313,1727,2902,1,0,3086
09/04/2021 18:51,1299,1755,2929,1,0,3098
09/04/2021 18:51,1287,1754,2952,1,0,3109
09/04/2021 18:51,1265,1788,2972,1,0,3109
09/04/2021 18:51,1257,1783,2998,1,0,3120
09/04/2021 18:51,1242,1794,3018,1,0,3131
09/04/2021 18:51,1226,1794,3047,1,0,3142
09/04/2021 18:51,1213,1805,3074,1,0,3152
09/04/2021 18:51,1195,1825,3096,1,0,3152
09/04/2021 18:51,1186,1822,3119,1,0,3162
09/04/2021 18:51,1165,1825,3144,1,0,3172
09/04/2021 18:51,1152,1853,3168,1,0,3172
09/04/2021 18:51,1143,1860,3198,1,0,3182
09/04/2021 18:51,1137,1862,3213,1,0,3192
09/04/2021 18:51,1125,1880,3233,1,0,3202
09/04/2021 18:51,1107,1887,3247,1,0,3202
09/04/2021 18:51,1097,1898,3244,1,0,3211
09/04/2021 18:51,1078,1933,3247,1,0,3220
09/04/2021 18:51,1067,1942,3218,0,0,3229
09/04/2021 18:51,1050,1931,3233,0,0,3229
09/04/2021 18:51,1039,1920,3237,0,0,3238
09/04/2021 18:51,1023,1906,3237,0,0,3247
09/04/2021 18:51,1010,1895,3241,0,0,3256
09/04/2021 18:51,994,1885,3246,0,0,3264
09/04/2021 18:51,981,1871,3248,0,0,3264
09/04/2021 18:51,970,1860,3252,0,0,3273
09/04/2021 18:51,953,1845,3256,0,0,3281
09/04/2021 18:51,942,1834,3255,0,0,3289
09/04/2021 18:51,925,1819,3261,0,0,3297
09/04/2021 18:51,913,1809,3264,0,0,3297
09/04/2021 18:51,898,1794,3265,0,0,3305
09/04/2021 18:51,885,1783,3269,0,0,3312
09/04/2021 18:51,869,1769,3270,0,0,3320
09/04/2021 18:51,856,1758,3273,0,0,3320
09/04/2021 18:51,844,1747,3277,0,0,3327
09/04/2021 18:51,827,1734,3281,0,0,3334
09/04/2021 18:51,816,1721,3284,0,0,3334
09/04/2021 18:51,800,1708,3285,0,0,3342
09/04/2021 18:51,788,1698,3288,0,0,3349
09/04/2021 18:51,773,1683,3292,0,0,3355
09/04/2021 18:51,761,1672,3294,0,0,3362
09/04/2021 18:51,745,1657,3298,0,0,3362
09/04/2021 18:51,733,1647,3300,0,0,3369
09/04/2021 18:51,722,1635,3302,0,0,3376
09/04/2021 18:51,705,1622,3306,0,0,3382
09/04/2021 18:51,694,1612,3306,0,0,3382
09/04/2021 18:51,678,1600,3309,0,0,3389
09/04/2021 18:51,667,1587,3312,0,0,3341
09/04/2021 18:51,651,1574,3315,0,0,3293
09/04/2021 18:51,638,1563,3318,0,0,3246
09/04/2021 18:51,622,1548,3317,0,0,3198
09/04/2021 18:51,610,1538,3320,0,0,3150
09/04/2021 18:51,595,1529,3323,0,0,3102
09/04/2021 18:52,582,1515,3324,0,0,3055
09/04/2021 18:52,570,1506,3325,0,0,3055
09/04/2021 18:52,554,1491,3330,0,0,3007
09/04/2021 18:52,541,1479,3329,0,0,2959
09/04/2021 18:52,525,1465,3333,0,0,2912
09/04/2021 18:52,513,1455,3336,0,0,2864
09/04/2021 18:52,497,1442,3338,0,0,2816
09/04/2021 18:52,483,1431,3340,0,0,2769
09/04/2021 18:52,466,1418,3341,0,0,2769
09/04/2021 18:52,454,1407,3345,0,0,2721
09/04/2021 18:52,440,1397,3346,0,0,2673
09/04/2021 18:52,423,1383,3349,0,0,2625
09/04/2021 18:52,409,1373,3350,0,0,2578
09/04/2021 18:52,391,1360,3354,0,0,2530
09/04/2021 18:52,376,1351,3355,0,0,2482
09/04/2021 18:52,358,1337,3358,0,0,2434
09/04/2021 18:52,342,1327,3359,0,0,2434
09/04/2021 18:52,322,1314,3360,0,0,2386
09/04/2021 18:52,306,1303,3363,0,0,2386
09/04/2021 18:52,290,1293,3364,0,0,2339
09/04/2021 18:52,266,1280,3366,0,0,2243
09/04/2021 18:52,248,1270,3366,0,0,2243
09/04/2021 18:52,222,1257,3368,0,0,2195
09/04/2021 18:52,200,1246,3370,0,0,2147
09/04/2021 18:52,165,1233,3372,0,0,2099
09/04/2021 18:52,135,1223,3373,0,0,2052
09/04/2021 18:52,90,1210,3376,0,0,2004
09/04/2021 18:52,52,1201,3377,0,0,1956
09/04/2021 18:52,0,1191,3379,0,0,1908
09/04/2021 18:52,0,1177,3380,0,0,1860
09/04/2021 18:52,0,1167,3381,0,0,1860
09/04/2021 18:52,0,1154,3383,0,0,1812
09/04/2021 18:52,0,1144,3384,0,0,1764
09/04/2021 18:52,0,1131,3385,0,0,1716
09/04/2021 18:52,0,1121,3385,0,0,1716
09/04/2021 18:52,0,1108,3387,0,0,1668
09/04/2021 18:52,0,1098,3389,0,0,1620
09/04/2021 18:52,1,1085,3392,0,0,1572
09/04/2021 18:52,0,1075,3393,0,0,1524
09/04/2021 18:52,0,1065,3393,0,0,1524
09/04/2021 18:52,0,1052,3396,0,0,1476
09/04/2021 18:52,1,1043,3396,0,0,1428
09/04/2021 18:52,1,1029,3397,0,0,1380
09/04/2021 18:52,0,1019,3401,0,0,1331
09/04/2021 18:52,1,1006,3400,0,0,1283
09/04/2021 18:52,1,995,3399,0,0,1283
09/04/2021 18:52,0,983,3405,0,0,1235
09/04/2021 18:52,1,973,3404,0,0,1187
09/04/2021 18:52,1,963,3404,0,0,1138
09/04/2021 18:52,1,950,3404,0,0,1138
09/04/2021 18:52,1,941,3406,0,0,1090
09/04/2021 18:52,1,927,3407,0,0,1042
09/04/2021 18:52,1,916,3409,0,0,993
09/04/2021 18:52,1,903,3410,0,0,945
09/04/2021 18:52,2,894,3411,0,0,896
09/04/2021 18:52,1,880,3412,0,0,848
09/04/2021 18:52,2,870,3412,0,0,799
09/04/2021 18:52,2,861,3413,0,0,799
09/04/2021 18:52,1,847,3411,0,0,750
09/04/2021 18:52,2,838,3413,0,0,701
09/04/2021 18:53,2,825,3414,0,0,652
09/04/2021 18:53,2,815,3416,0,0,603
09/04/2021 18:53,1,802,3417,0,0,554
09/04/2021 18:53,2,791,3417,0,0,504
09/04/2021 18:53,2,778,3417,0,0,454
09/04/2021 18:53,2,769,3418,0,0,454
09/04/2021 18:53,2,755,3421,0,0,404
09/04/2021 18:53,3,746,3420,0,0,354
09/04/2021 18:53,1,737,3418,0,0,303
09/04/2021 18:53,2,724,3422,0,0,251
09/04/2021 18:53,2,714,3423,0,0,251
09/04/2021 18:53,2,701,3422,0,0,198
09/04/2021 18:53,2,692,3421,0,0,198
09/04/2021 18:53,1,679,3422,0,0,143
09/04/2021 18:53,2,669,3423,0,0,74
09/04/2021 18:53,2,656,3422,0,0,0
09/04/2021 18:53,2,647,3423,0,0,0
09/04/2021 18:53,2,636,3425,0,0,0
09/04/2021 18:53,2,624,3423,0,0,0
09/04/2021 18:53,1,613,3425,0,0,0
09/04/2021 18:53,2,600,3424,0,0,0
09/04/2021 18:53,2,591,3424,0,0,0
09/04/2021 18:53,2,577,3424,0,0,0
09/04/2021 18:53,3,567,3426,0,0,0
09/04/2021 18:53,2,555,3427,0,0,0
09/04/2021 18:53,2,545,3426,0,0,0
09/04/2021 18:53,2,534,3426,0,0,0
09/04/2021 18:53,2,521,3427,0,0,0
09/04/2021 18:53,2,511,3427,0,0,0
09/04/2021 18:53,2,498,3426,0,0,0
09/04/2021 18:53,2,488,3426,0,0,0
09/04/2021 18:53,3,473,3427,0,0,0
09/04/2021 18:53,2,463,3427,0,0,0
09/04/2021 18:53,2,449,3426,0,0,0
09/04/2021 18:53,3,438,3426,0,0,0
09/04/2021 18:53,2,424,3426,0,0,0
09/04/2021 18:53,2,414,3425,0,0,0
09/04/2021 18:53,3,403,3426,0,0,0
09/04/2021 18:53,2,389,3426,0,0,0
09/04/2021 18:53,2,378,3424,0,0,0
09/04/2021 18:53,1,363,3425,0,0,0
09/04/2021 18:53,2,351,3426,0,0,0
09/04/2021 18:53,2,335,3424,0,0,0
09/04/2021 18:53,2,324,3425,0,0,0
09/04/2021 18:53,1,308,3425,0,0,0
09/04/2021 18:53,3,295,3423,0,0,0
09/04/2021 18:53,2,283,3424,0,0,0
09/04/2021 18:53,3,265,3424,0,0,0
09/04/2021 18:53,2,253,3422,0,0,0
09/04/2021 18:53,2,235,3422,0,0,0
09/04/2021 18:53,3,220,3421,0,0,0
09/04/2021 18:53,2,201,3422,0,0,0
09/04/2021 18:53,2,185,3421,0,0,0
09/04/2021 18:53,1,162,3421,0,0,0
09/04/2021 18:53,2,144,3419,0,0,0
09/04/2021 18:53,2,124,3419,0,0,0
09/04/2021 18:53,3,93,3418,0,0,0
09/04/2021 18:53,2,66,3417,0,0,0
09/04/2021 18:53,3,28,3416,0,0,0
09/04/2021 18:53,2,3,3411,0,0,0
09/04/2021 18:54,3,3,3388,0,0,0
09/04/2021 18:54,3,4,3370,0,0,0
09/04/2021 18:54,3,3,3349,0,0,0
09/04/2021 18:54,3,4,3332,0,0,0
09/04/2021 18:54,2,3,3315,0,0,0
09/04/2021 18:54,6,3,3291,0,1,0
09/04/2021 18:54,0,4,3276,0,1,0
09/04/2021 18:54,90,3,3253,0,1,0
09/04/2021 18:54,169,5,3237,0,1,0
09/04/2021 18:54,231,4,3214,0,1,0
09/04/2021 18:54,278,4,3197,0,1,0
09/04/2021 18:54,323,4,3174,0,1,0
09/04/2021 18:54,363,4,3159,0,1,0
09/04/2021 18:54,417,5,3138,0,1,0
09/04/2021 18:54,445,4,3122,0,1,0
09/04/2021 18:54,466,4,3107,0,1,0
09/04/2021 18:54,487,5,3086,0,1,0
09/04/2021 18:54,532,5,3069,0,1,0
09/04/2021 18:54,579,4,3048,0,1,0
09/04/2021 18:54,570,5,3031,0,1,0
09/04/2021 18:54,621,5,3009,0,1,0
09/04/2021 18:54,651,5,2994,0,1,0
09/04/2021 18:54,679,4,2973,0,1,0
09/04/2021 18:54,708,5,2958,0,1,0
09/04/2021 18:54,738,5,2942,0,1,0
09/04/2021 18:54,763,4,2921,0,1,0
09/04/2021 18:54,792,3,2904,0,1,0
09/04/2021 18:54,821,4,2883,0,1,0
09/04/2021 18:54,838,4,2866,0,1,0
09/04/2021 18:54,894,4,2844,0,1,0
09/04/2021 18:54,896,4,2829,0,1,0
09/04/2021 18:54,942,4,2806,0,1,0
09/04/2021 18:54,981,3,2791,0,1,0
09/04/2021 18:54,1002,4,2774,0,1,0
09/04/2021 18:54,1022,5,2754,0,1,0
09/04/2021 18:54,1045,3,2737,0,1,0
09/04/2021 18:54,1081,5,2715,0,1,0
09/04/2021 18:54,1130,4,2701,0,1,0
09/04/2021 18:54,1132,5,2679,0,1,0
09/04/2021 18:54,1159,5,2664,0,1,0
09/04/2021 18:54,1205,4,2644,0,1,0
09/04/2021 18:54,1240,4,2626,0,1,0
09/04/2021 18:54,1267,3,2607,0,1,0
09/04/2021 18:54,1280,5,2588,0,1,0
09/04/2021 18:54,1313,4,2575,0,1,0
09/04/2021 18:54,1341,5,2556,0,1,0
09/04/2021 18:54,1354,5,2537,0,1,0
09/04/2021 18:54,1394,5,2515,0,1,0
09/04/2021 18:54,1418,5,2501,0,1,0
09/04/2021 18:54,1466,5,2481,0,1,0
09/04/2021 18:54,1476,4,2467,0,1,0
09/04/2021 18:54,1529,5,2442,0,1,0
09/04/2021 18:54,1533,4,2427,0,1,0
09/04/2021 18:54,1581,5,2414,0,1,0
09/04/2021 18:54,1603,5,2391,0,1,0
09/04/2021 18:54,1622,5,2378,0,1,0
09/04/2021 18:54,1667,6,2357,0,1,0
09/04/2021 18:54,1679,5,2341,0,1,0
09/04/2021 18:54,1714,5,2321,0,1,0
09/04/2021 18:54,1744,4,2305,0,1,0
09/04/2021 18:55,1780,4,2286,0,1,0
09/04/2021 18:55,1802,6,2269,0,1,0
09/04/2021 18:55,1833,4,2255,0,1,0
09/04/2021 18:55,1860,4,2233,0,1,0
09/04/2021 18:55,1886,4,2218,0,1,0
09/04/2021 18:55,1911,6,2199,0,1,0
09/04/2021 18:55,1957,5,2184,0,1,0
09/04/2021 18:55,1964,5,2163,0,1,0
09/04/2021 18:55,1980,5,2147,0,0,0
09/04/2021 18:55,1967,4,2128,0,0,0
09/04/2021 18:55,1952,5,2114,0,0,0
09/04/2021 18:55,1937,5,2094,0,0,0
09/04/2021 18:55,1923,5,2080,0,0,0
09/04/2021 18:55,1909,6,2064,0,0,0
09/04/2021 18:55,1893,5,2044,0,0,0
09/04/2021 18:55,1881,4,2029,0,0,0
09/04/2021 18:55,1864,5,2010,0,0,0
09/04/2021 18:55,1849,5,1994,0,0,0
09/04/2021 18:55,1831,6,1975,0,0,0
09/04/2021 18:55,1819,5,1960,0,0,0
09/04/2021 18:55,1801,5,1940,0,0,0
09/04/2021 18:55,1788,5,1925,0,0,0
09/04/2021 18:55,1771,4,1912,0,0,0
09/04/2021 18:55,1758,6,1891,0,0,0
09/04/2021 18:55,1742,5,1878,0,0,0
09/04/2021 18:55,1726,4,1862,0,0,0
09/04/2021 18:55,1711,4,1851,0,0,0
09/04/2021 18:55,1697,5,1835,0,0,0
09/04/2021 18:55,1683,4,1823,0,0,0
09/04/2021 18:55,1663,4,1804,0,0,0
09/04/2021 18:55,1651,4,1790,0,0,0
09/04/2021 18:55,1633,5,1774,0,0,4789
09/04/2021 18:55,1620,4,1756,0,0,4789
09/04/2021 18:55,1608,6,1742,0,0,4779
09/04/2021 18:55,1589,5,1722,0,0,4770
09/04/2021 18:55,1578,6,1709,0,0,4761
09/04/2021 18:55,1557,5,1690,0,0,4752
09/04/2021 18:55,1545,4,1674,0,0,4752
09/04/2021 18:55,1528,5,1656,0,0,4742
09/04/2021 18:55,1513,5,1642,0,0,4733
09/04/2021 18:55,1496,5,1622,0,0,4725
09/04/2021 18:55,1485,5,1610,0,0,4725
09/04/2021 18:55,1471,4,1595,0,0,4716
09/04/2021 18:55,1454,5,1576,0,0,4707
09/04/2021 18:55,1440,5,1562,0,0,4698
09/04/2021 18:55,1425,4,1544,0,0,4698
09/04/2021 18:55,1409,5,1530,0,0,4689
09/04/2021 18:55,1392,5,1511,0,0,4681
09/04/2021 18:55,1381,5,1497,0,0,4672
09/04/2021 18:55,1364,4,1476,0,0,4664
09/04/2021 18:55,1349,4,1464,0,0,4664
09/04/2021 18:55,1336,5,1449,0,0,4656
09/04/2021 18:55,1321,4,1432,0,0,4647
09/04/2021 18:55,1305,5,1418,0,0,4647
09/04/2021 18:55,1289,6,1399,0,0,4639
09/04/2021 18:55,1278,6,1386,0,0,4631
09/04/2021 18:55,1260,5,1367,0,0,4623
09/04/2021 18:55,1246,5,1354,0,0,4615
09/04/2021 18:55,1231,5,1334,0,0,4615
09/04/2021 18:55,1218,5,1322,0,0,4607
09/04/2021 18:56,1201,5,1307,0,0,4599
09/04/2021 18:56,1190,5,1289,0,0,4591
09/04/2021 18:56,1174,5,1276,0,0,4591
09/04/2021 18:56,1159,4,1258,0,0,4583
09/04/2021 18:56,1144,5,1243,0,0,4576
09/04/2021 18:56,1134,5,1225,0,0,4568
09/04/2021 18:56,1127,5,1212,0,0,4568
09/04/2021 18:56,1113,5,1193,0,0,4560
09/04/2021 18:56,1100,6,1180,0,0,4553
09/04/2021 18:56,1084,4,1162,0,0,4553
09/04/2021 18:56,1073,5,1148,0,0,4546
09/04/2021 18:56,1060,5,1134,0,0,4538
09/04/2021 18:56,1045,5,1117,0,0,4538
09/04/2021 18:56,1032,6,1103,0,0,4531
09/04/2021 18:56,1016,6,1085,0,0,4524
09/04/2021 18:56,1004,5,1073,0,0,4517
09/04/2021 18:56,989,5,1055,0,0,4517
09/04/2021 18:56,976,5,1041,0,0,4509
09/04/2021 18:56,960,5,1023,0,0,4502
09/04/2021 18:56,948,5,1010,0,0,4495
09/04/2021 18:56,933,5,997,0,0,4489
09/04/2021 18:56,920,6,979,0,0,4489
09/04/2021 18:56,908,5,966,0,0,4482
09/04/2021 18:56,893,5,949,0,0,4475
09/04/2021 18:56,880,5,935,0,0,4468
09/04/2021 18:56,864,5,918,0,0,4468
09/04/2021 18:56,853,5,906,0,0,4421
09/04/2021 18:56,837,5,889,0,0,4373
09/04/2021 18:56,825,4,876,0,0,4325
09/04/2021 18:56,809,5,864,0,0,4278
09/04/2021 18:56,797,6,847,0,0,4230
09/04/2021 18:56,785,5,833,0,0,4183
09/04/2021 18:56,770,5,817,0,0,4135
09/04/2021 18:56,758,4,804,0,0,4087
09/04/2021 18:56,741,5,787,0,0,4040
09/04/2021 18:56,730,5,773,0,0,3992
09/04/2021 18:56,714,5,756,0,0,3992
09/04/2021 18:56,702,5,744,0,0,3945
09/04/2021 18:56,687,5,727,0,0,3897
09/04/2021 18:56,675,5,715,0,0,3849
09/04/2021 18:56,663,5,702,0,0,3802
09/04/2021 18:56,648,5,685,0,0,3754
09/04/2021 18:56,636,5,672,0,0,3707
09/04/2021 18:56,619,5,655,0,0,3707
09/04/2021 18:56,607,4,642,0,0,3659
09/04/2021 18:56,592,5,625,0,0,3611
09/04/2021 18:56,580,5,613,0,0,3564
09/04/2021 18:56,563,4,595,0,0,3516
09/04/2021 18:56,551,5,583,0,0,3468
09/04/2021 18:56,535,5,570,0,0,3421
09/04/2021 18:56,523,5,552,0,0,3373
09/04/2021 18:56,511,5,540,0,0,3325
09/04/2021 18:56,494,5,524,0,0,3325
09/04/2021 18:56,481,5,510,0,0,3278
09/04/2021 18:56,463,5,495,0,0,3230
09/04/2021 18:56,451,4,482,0,0,3182
09/04/2021 18:56,434,5,465,0,0,3135
09/04/2021 18:56,420,4,452,0,0,3087
09/04/2021 18:56,402,5,441,0,0,3039
09/04/2021 18:56,388,5,424,0,0,3039
09/04/2021 18:57,374,5,412,0,0,2992
09/04/2021 18:57,355,5,395,0,0,2944
09/04/2021 18:57,340,6,381,0,0,2944
09/04/2021 18:57,319,5,365,0,0,2896
09/04/2021 18:57,304,5,351,0,0,2848
09/04/2021 18:57,281,5,335,0,0,2801
09/04/2021 18:57,264,5,321,0,0,2753
09/04/2021 18:57,239,4,304,0,0,2705
09/04/2021 18:57,220,4,291,0,0,2658
09/04/2021 18:57,197,5,276,0,0,2610
09/04/2021 18:57,162,5,258,0,0,2610
09/04/2021 18:57,132,5,245,0,0,2562
09/04/2021 18:57,86,4,225,0,0,2514
09/04/2021 18:57,48,5,210,0,0,2466
09/04/2021 18:57,1,5,190,0,0,2419
09/04/2021 18:57,0,5,174,0,0,2371
09/04/2021 18:57,0,5,151,0,0,2323
09/04/2021 18:57,0,4,131,0,0,2275
09/04/2021 18:57,1,4,112,0,0,2275
09/04/2021 18:57,0,5,75,0,0,2227
09/04/2021 18:57,0,5,39,0,0,2180
09/04/2021 18:57,0,6,6,1,0,2180
09/04/2021 18:57,0,4,7,1,0,2132
09/04/2021 18:57,1,24,8,1,0,2084
09/04/2021 18:57,2,82,7,1,0,2036
09/04/2021 18:57,1,141,8,1,0,1988
09/04/2021 18:57,2,193,8,1,0,1940
09/04/2021 18:57,1,233,8,1,0,1892
09/04/2021 18:57,2,268,8,1,0,1844
09/04/2021 18:57,1,294,8,1,0,1796
09/04/2021 18:57,1,322,8,1,0,1748
09/04/2021 18:57,1,347,8,1,0,1700
09/04/2021 18:57,0,380,8,1,0,1700
09/04/2021 18:57,1,398,9,1,0,1652
09/04/2021 18:57,2,430,8,1,0,1604
09/04/2021 18:57,1,439,7,1,0,1556
09/04/2021 18:57,1,496,7,1,0,1508
09/04/2021 18:57,1,508,7,1,0,1460
09/04/2021 18:57,1,522,8,1,0,1460
09/04/2021 18:57,0,555,8,1,0,1412
09/04/2021 18:57,1,577,9,1,0,1364
09/04/2021 18:57,3,597,8,1,0,1316
09/04/2021 18:57,1,621,8,1,0,1316
09/04/2021 18:57,3,646,8,1,0,1268
09/04/2021 18:57,1,675,9,1,0,1219
09/04/2021 18:57,2,703,7,1,0,1171
09/04/2021 18:57,2,716,8,1,0,1123
09/04/2021 18:57,2,750,8,1,0,1074
09/04/2021 18:57,2,767,8,1,0,1026
09/04/2021 18:57,1,786,7,1,0,978
09/04/2021 18:57,2,828,8,1,0,978
09/04/2021 18:57,2,821,8,1,0,929
09/04/2021 18:57,2,861,8,1,0,880
09/04/2021 18:57,2,877,8,1,0,832
09/04/2021 18:57,1,907,8,1,0,783
09/04/2021 18:57,1,919,9,1,0,734
09/04/2021 18:57,2,949,8,1,0,685
09/04/2021 18:57,2,986,8,1,0,636
09/04/2021 18:57,4,1007,8,1,0,636
09/04/2021 18:57,2,1007,8,1,0,587
09/04/2021 18:58,1,1036,9,1,0,587
09/04/2021 18:58,3,1056,7,1,0,537
09/04/2021 18:58,2,1064,8,1,0,488
09/04/2021 18:58,1,1114,7,1,0,438
09/04/2021 18:58,3,1127,7,1,0,388
09/04/2021 18:58,2,1148,8,1,0,337
09/04/2021 18:58,2,1170,8,1,0,337
09/04/2021 18:58,1,1198,8,1,0,286
09/04/2021 18:58,3,1220,9,1,0,234
09/04/2021 18:58,2,1244,8,1,0,180
09/04/2021 18:58,2,1262,7,1,0,180
09/04/2021 18:58,2,1275,8,1,0,124
09/04/2021 18:58,1,1320,9,1,0,40
09/04/2021 18:58,3,1335,9,1,0,40
09/04/2021 18:58,2,1352,8,1,0,0
09/04/2021 18:58,2,1370,9,1,0,0
09/04/2021 18:58,2,1398,8,1,0,0
09/04/2021 18:58,2,1430,8,1,0,0
09/04/2021 18:58,3,1433,8,1,0,0
09/04/2021 18:58,3,1465,8,1,0,0
09/04/2021 18:58,2,1495,8,1,0,0
09/04/2021 18:58,3,1497,8,1,0,0
09/04/2021 18:58,2,1536,7,1,0,0
09/04/2021 18:58,2,1566,9,1,0,0
09/04/2021 18:58,3,1582,8,1,0,0
09/04/2021 18:58,4,1606,7,1,0,0
09/04/2021 18:58,2,1619,7,1,0,0
09/04/2021 18:58,3,1645,8,1,0,0
09/04/2021 18:58,2,1684,8,1,0,0
09/04/2021 18:58,3,1693,8,1,0,0
09/04/2021 18:58,2,1731,8,1,0,0
09/04/2021 18:58,2,1759,9,1,0,0
09/04/2021 18:58,3,1761,10,1,0,0
09/04/2021 18:58,3,1774,8,1,0,0
09/04/2021 18:58,1,1815,9,1,0,0
09/04/2021 18:58,4,1843,9,1,0,0
09/04/2021 18:58,2,1847,8,1,0,0
09/04/2021 18:58,3,1873,8,1,0,0
09/04/2021 18:58,3,1900,9,1,0,0
09/04/2021 18:58,2,1934,8,1,0,0
09/04/2021 18:58,3,1937,12,0,0,0
09/04/2021 18:58,3,1918,93,0,0,0
09/04/2021 18:58,2,1906,134,0,0,0
09/04/2021 18:58,3,1891,167,0,0,0
09/04/2021 18:58,3,1879,197,0,0,0
09/04/2021 18:58,2,1868,227,0,0,0
09/04/2021 18:58,3,1852,257,0,0,0
09/04/2021 18:58,2,1840,276,0,0,0
09/04/2021 18:58,2,1826,305,0,0,0
09/04/2021 18:58,3,1813,331,0,0,0
09/04/2021 18:58,3,1796,360,0,0,0
09/04/2021 18:58,0,1785,382,0,1,0
09/04/2021 18:58,15,1774,405,0,1,0
09/04/2021 18:58,62,1758,410,0,1,0
09/04/2021 18:58,139,1745,424,0,1,0
09/04/2021 18:58,223,1731,434,0,1,0
09/04/2021 18:58,272,1719,445,0,1,0
09/04/2021 18:58,310,1703,448,0,1,0
09/04/2021 18:58,351,1691,458,0,1,0
09/04/2021 18:58,385,1675,467,0,1,0
09/04/2021 18:59,432,1663,474,0,1,0
09/04/2021 18:59,468,1647,486,0,1,0
09/04/2021 18:59,498,1638,497,0,1,0
09/04/2021 18:59,519,1626,502,0,1,0
09/04/2021 18:59,532,1609,514,0,1,0
09/04/2021 18:59,586,1595,523,0,1,0
09/04/2021 18:59,615,1585,529,0,1,0
09/04/2021 18:59,650,1570,536,0,1,0
09/04/2021 18:59,697,1555,548,0,1,0
09/04/2021 18:59,712,1544,553,0,1,0
09/04/2021 18:59,740,1527,566,0,1,0
09/04/2021 18:59,748,1518,571,0,1,0
09/04/2021 18:59,801,1500,586,0,1,0
09/04/2021 18:59,809,1489,593,0,1,0
09/04/2021 18:59,841,1474,601,0,1,0
09/04/2021 18:59,880,1463,609,0,1,0
09/04/2021 18:59,913,1451,617,0,1,0
09/04/2021 18:59,935,1437,625,0,1,0
09/04/2021 18:59,964,1425,632,0,1,0
09/04/2021 18:59,999,1412,642,0,1,0
09/04/2021 18:59,1017,1399,651,0,1,0
09/04/2021 18:59,1049,1385,659,0,1,0
09/04/2021 18:59,1090,1373,667,0,1,0
09/04/2021 18:59,1108,1355,677,0,1,0
09/04/2021 18:59,1122,1347,682,0,1,0
09/04/2021 18:59,1164,1330,690,0,1,0
09/04/2021 18:59,1190,1321,699,0,1,0
09/04/2021 18:59,1217,1310,705,0,1,0
09/04/2021 18:59,1264,1294,713,0,1,0
09/04/2021 18:59,1272,1284,724,0,1,0
09/04/2021 18:59,1302,1268,731,0,1,0
09/04/2021 18:59,1338,1257,740,0,1,0
09/04/2021 18:59,1359,1242,749,0,1,0
09/04/2021 18:59,1376,1231,755,0,1,0
09/04/2021 18:59,1425,1217,761,0,1,0
09/04/2021 18:59,1451,1204,769,0,1,0
09/04/2021 18:59,1472,1193,774,0,1,0
09/04/2021 18:59,1504,1179,785,0,1,0
09/04/2021 18:59,1527,1168,792,0,1,0
09/04/2021 18:59,1555,1152,800,0,1,0
09/04/2021 18:59,1587,1142,806,0,1,0
09/04/2021 18:59,1628,1128,815,0,1,0
09/04/2021 18:59,1655,1117,821,0,1,0
09/04/2021 18:59,1684,1101,831,0,1,0
09/04/2021 18:59,1696,1091,837,0,1,0
09/04/2021 18:59,1744,1078,842,0,1,0
09/04/2021 18:59,1767,1065,851,0,1,0
09/04/2021 18:59,1798,1055,855,0,1,0
09/04/2021 18:59,1818,1039,866,0,1,0
09/04/2021 18:59,1850,1029,869,0,1,0
09/04/2021 18:59,1887,1014,882,0,1,0
09/04/2021 18:59,1916,1001,886,0,1,0
09/04/2021 18:59,1941,988,894,0,1,0
09/04/2021 18:59,1959,977,900,0,1,0
09/04/2021 18:59,1980,964,909,0,1,0
09/04/2021 18:59,1979,951,918,0,0,0
09/04/2021 18:59,1967,940,923,0,0,0
09/04/2021 18:59,1951,925,929,0,0,0
09/04/2021 18:59,1936,915,936,0,0,0
09/04/2021 18:59,1919,898,944,0,0,0
09/04/2021 19:00,1907,887,950,0,0,0
09/04/2021 19:00,1888,873,957,0,0,0
09/04/2021 19:00,1874,861,966,0,0,0
09/04/2021 19:00,1856,848,970,0,0,0
09/04/2021 19:00,1843,836,978,0,0,0
09/04/2021 19:00,1832,825,984,0,0,0
09/04/2021 19:00,1816,810,994,0,0,0
09/04/2021 19:00,1800,798,999,0,0,0
09/04/2021 19:00,1783,784,1004,0,0,0
09/04/2021 19:00,1767,774,1014,0,0,0
09/04/2021 19:00,1752,757,1020,0,0,0
09/04/2021 19:00,1740,748,1023,0,0,0
09/04/2021 19:00,1718,733,1032,0,0,0
09/04/2021 19:00,1708,721,1039,0,0,0
09/04/2021 19:00,1693,711,1044,0,0,0
09/04/2021 19:00,1678,694,1051,0,0,0
09/04/2021 19:00,1664,686,1057,0,0,0
09/04/2021 19:00,1645,670,1065,0,0,0
09/04/2021 19:00,1634,660,1072,0,0,0
09/04/2021 19:00,1615,646,1081,0,0,4784
09/04/2021 19:00,1604,633,1085,0,0,4775
09/04/2021 19:00,1585,618,1090,0,0,4765
09/04/2021 19:00,1570,608,1098,0,0,4765
09/04/2021 19:00,1554,594,1102,0,0,4756
09/04/2021 19:00,1539,583,1112,0,0,4747
09/04/2021 19:00,1528,571,1116,0,0,4738
09/04/2021 19:00,1511,555,1124,0,0,4738
09/04/2021 19:00,1496,546,1130,0,0,4729
09/04/2021 19:00,1478,529,1139,0,0,4720
09/04/2021 19:00,1467,517,1143,0,0,4711
09/04/2021 19:00,1451,503,1151,0,0,4702
09/04/2021 19:00,1435,492,1155,0,0,4702
09/04/2021 19:00,1418,475,1162,0,0,4694
09/04/2021 19:00,1405,465,1171,0,0,4685
09/04/2021 19:00,1393,453,1176,0,0,4677
09/04/2021 19:00,1374,435,1184,0,0,4668
09/04/2021 19:00,1361,424,1190,0,0,4668
09/04/2021 19:00,1347,409,1196,0,0,4668
09/04/2021 19:00,1332,395,1196,0,0,4660
09/04/2021 19:00,1316,379,1206,0,0,4651
09/04/2021 19:00,1301,366,1214,0,0,4643
09/04/2021 19:00,1285,349,1217,0,0,4635
09/04/2021 19:00,1272,335,1222,0,0,4635
09/04/2021 19:00,1260,322,1228,0,0,4635
09/04/2021 19:00,1244,304,1236,0,0,4627
09/04/2021 19:00,1229,289,1238,0,0,4619
09/04/2021 19:00,1212,270,1248,0,0,4611
09/04/2021 19:00,1200,255,1250,0,0,4603
09/04/2021 19:00,1183,235,1257,0,0,4595
09/04/2021 19:00,1170,217,1264,0,0,4595
09/04/2021 19:00,1153,195,1268,0,0,4587
09/04/2021 19:00,1139,177,1274,0,0,4579
09/04/2021 19:00,1130,157,1277,0,0,4572
09/04/2021 19:00,1123,128,1283,0,0,4572
09/04/2021 19:00,1112,102,1290,0,0,4564
09/04/2021 19:00,1095,63,1297,0,0,4557
09/04/2021 19:00,1083,30,1299,0,0,4549
09/04/2021 19:00,1067,1,1299,0,0,4549
09/04/2021 19:00,1056,1,1282,0,0,4542
09/04/2021 19:00,1039,2,1268,0,0,4542
09/04/2021 19:01,1027,1,1256,0,0,4527
09/04/2021 19:01,1010,2,1245,0,0,4527
09/04/2021 19:01,999,1,1228,0,0,4520
09/04/2021 19:01,987,1,1215,0,0,4513
09/04/2021 19:01,970,1,1197,0,0,4506
09/04/2021 19:01,959,1,1183,0,0,4506
09/04/2021 19:01,943,2,1165,0,0,4499
09/04/2021 19:01,930,2,1151,0,0,4492
09/04/2021 19:01,915,2,1134,0,0,4485
09/04/2021 19:01,903,2,1120,0,0,4485
09/04/2021 19:01,886,2,1103,0,0,4478
09/04/2021 19:01,874,2,1090,0,0,4471
09/04/2021 19:01,863,2,1076,0,0,4465
09/04/2021 19:01,846,2,1058,0,0,4465
09/04/2021 19:01,835,2,1044,0,0,4370
09/04/2021 19:01,819,2,1026,0,0,4322
09/04/2021 19:01,806,2,1014,0,0,4274
09/04/2021 19:01,791,2,996,0,0,4274
09/04/2021 19:01,778,2,983,0,0,4227
09/04/2021 19:01,762,3,965,0,0,4179
09/04/2021 19:01,751,2,952,0,0,4132
09/04/2021 19:01,735,2,938,0,0,4132
09/04/2021 19:01,723,2,922,0,0,4084
09/04/2021 19:01,712,2,910,0,0,4036
09/04/2021 19:01,696,2,892,0,0,3989
09/04/2021 19:01,684,2,879,0,0,3941
09/04/2021 19:01,668,2,863,0,0,3894
09/04/2021 19:01,656,2,850,0,0,3894
09/04/2021 19:01,641,2,832,0,0,3846
09/04/2021 19:01,630,2,820,0,0,3798
09/04/2021 19:01,612,2,807,0,0,3751
09/04/2021 19:01,602,3,790,0,0,3703
09/04/2021 19:01,589,2,778,0,0,3656
09/04/2021 19:01,572,2,760,0,0,3656
09/04/2021 19:01,561,2,748,0,0,3608
09/04/2021 19:01,544,3,731,0,0,3560
09/04/2021 19:01,532,2,718,0,0,3513
09/04/2021 19:01,515,2,701,0,0,3465
09/04/2021 19:01,503,2,688,0,0,3417
09/04/2021 19:01,486,3,670,0,0,3370
09/04/2021 19:01,473,2,657,0,0,3322
09/04/2021 19:01,460,2,645,0,0,3322
09/04/2021 19:01,442,3,628,0,0,3274
09/04/2021 19:01,430,2,616,0,0,3227
09/04/2021 19:01,411,2,598,0,0,3179
09/04/2021 19:01,397,3,585,0,0,3131
09/04/2021 19:01,378,2,569,0,0,3084
09/04/2021 19:01,364,2,556,0,0,3036
09/04/2021 19:01,345,2,540,0,0,3036
09/04/2021 19:01,329,2,527,0,0,2988
09/04/2021 19:01,308,3,515,0,0,2988
09/04/2021 19:01,292,2,497,0,0,2941
09/04/2021 19:01,275,2,485,0,0,2893
09/04/2021 19:01,251,2,469,0,0,2845
09/04/2021 19:01,231,3,456,0,0,2797
09/04/2021 19:01,201,3,440,0,0,2750
09/04/2021 19:01,178,2,428,0,0,2702
09/04/2021 19:01,138,3,411,0,0,2702
09/04/2021 19:01,106,3,399,0,0,2654
09/04/2021 19:01,56,2,386,0,0,2606
09/04/2021 19:02,15,2,368,0,0,2559
09/04/2021 19:02,0,3,356,0,0,2511
09/04/2021 19:02,0,2,339,0,0,2463
09/04/2021 19:02,0,3,326,0,0,2415
09/04/2021 19:02,0,3,308,0,0,2415
09/04/2021 19:02,0,2,295,0,0,2368
09/04/2021 19:02,0,3,276,0,0,2320
09/04/2021 19:02,0,2,263,0,0,2272
09/04/2021 19:02,0,3,244,0,0,2224
09/04/2021 19:02,0,3,230,0,0,2176
09/04/2021 19:02,0,2,216,0,0,2128
09/04/2021 19:02,0,2,195,0,0,2081
09/04/2021 19:02,0,3,179,0,0,2033
09/04/2021 19:02,1,2,157,0,0,1985
09/04/2021 19:02,0,2,139,0,0,1937
09/04/2021 19:02,0,3,113,0,0,1937
09/04/2021 19:02,0,2,88,0,0,1937
09/04/2021 19:02,1,3,42,0,0,1889
09/04/2021 19:02,0,3,8,1,0,1841
09/04/2021 19:02,0,2,6,1,0,1793
09/04/2021 19:02,0,3,6,1,0,1745
09/04/2021 19:02,0,72,5,1,0,1697
09/04/2021 19:02,0,134,6,1,0,1649
09/04/2021 19:02,1,182,5,1,0,1601
09/04/2021 19:02,1,223,6,1,0,1553
09/04/2021 19:02,1,248,6,1,0,1505
09/04/2021 19:02,1,290,6,1,0,1457
09/04/2021 19:02,0,313,6,1,0,1457
09/04/2021 19:02,1,341,5,1,0,1409
09/04/2021 19:02,0,366,6,1,0,1361
09/04/2021 19:02,1,403,6,1,0,1361
09/04/2021 19:02,2,421,6,1,0,1312
09/04/2021 19:02,1,441,5,1,0,1264
09/04/2021 19:02,0,474,7,1,0,1168
09/04/2021 19:02,0,492,6,1,0,1168
09/04/2021 19:02,1,520,6,1,0,1119
09/04/2021 19:02,1,538,6,1,0,1071
09/04/2021 19:02,2,570,6,1,0,1023
09/04/2021 19:02,0,590,5,1,0,974
09/04/2021 19:02,1,614,6,1,0,974
09/04/2021 19:02,0,628,7,1,0,926
09/04/2021 19:02,1,668,5,1,0,877
09/04/2021 19:02,2,694,7,1,0,828
09/04/2021 19:02,1,712,6,1,0,828
09/04/2021 19:02,1,738,6,1,0,780
09/04/2021 19:02,1,750,6,1,0,731
09/04/2021 19:02,1,782,6,1,0,682
09/04/2021 19:02,1,806,7,1,0,633
09/04/2021 19:02,1,821,7,1,0,633
09/04/2021 19:02,2,842,7,1,0,583
09/04/2021 19:02,2,870,6,1,0,534
09/04/2021 19:02,1,885,6,1,0,534
09/04/2021 19:02,2,920,7,1,0,484
09/04/2021 19:02,2,945,8,1,0,434
09/04/2021 19:02,1,974,6,1,0,384
09/04/2021 19:02,1,991,8,1,0,334
09/04/2021 19:02,1,1004,6,1,0,334
09/04/2021 19:02,0,1034,7,1,0,282
09/04/2021 19:02,2,1056,7,1,0,230
09/04/2021 19:02,1,1088,7,1,0,230
09/04/2021 19:03,2,1108,5,1,0,177
09/04/2021 19:03,1,1122,7,1,0,120
09/04/2021 19:03,0,1146,6,1,0,33
09/04/2021 19:03,0,1176,7,1,0,33
09/04/2021 19:03,1,1203,6,1,0,33
09/04/2021 19:03,1,1206,7,1,0,0
09/04/2021 19:03,3,1235,6,1,0,0
09/04/2021 19:03,2,1258,5,1,0,0
09/04/2021 19:03,1,1278,6,1,0,0
09/04/2021 19:03,1,1299,6,1,0,0
09/04/2021 19:03,2,1332,7,1,0,0
09/04/2021 19:03,2,1342,6,1,0,0
09/04/2021 19:03,2,1376,7,1,0,0
09/04/2021 19:03,2,1397,7,1,0,0
09/04/2021 19:03,1,1409,7,1,0,0
09/04/2021 19:03,3,1441,7,1,0,0
09/04/2021 19:03,0,1464,6,1,0,0
09/04/2021 19:03,2,1484,7,1,0,0
09/04/2021 19:03,1,1509,7,1,0,0
09/04/2021 19:03,1,1538,8,1,0,0
09/04/2021 19:03,2,1552,7,1,0,0
09/04/2021 19:03,1,1580,7,1,0,0
09/04/2021 19:03,1,1599,6,1,0,0
09/04/2021 19:03,2,1618,7,1,0,0
09/04/2021 19:03,2,1649,6,1,0,0
09/04/2021 19:03,2,1675,7,1,0,0
09/04/2021 19:03,1,1683,6,1,0,0
09/04/2021 19:03,2,1721,7,1,0,0
09/04/2021 19:03,1,1742,7,1,0,0
09/04/2021 19:03,2,1769,7,1,0,0
09/04/2021 19:03,1,1796,7,1,0,0
09/04/2021 19:03,2,1798,6,1,0,0
09/04/2021 19:03,3,1835,7,1,0,0
09/04/2021 19:03,2,1850,7,1,0,0
09/04/2021 19:03,2,1878,6,1,0,0
09/04/2021 19:03,2,1900,7,1,0,0
09/04/2021 19:03,2,1929,7,1,0,0
09/04/2021 19:03,2,1941,9,1,0,0
09/04/2021 19:03,2,1938,63,0,0,0
09/04/2021 19:03,4,1927,113,0,1,0
09/04/2021 19:03,22,1910,153,0,1,0
09/04/2021 19:03,100,1900,184,0,1,0
09/04/2021 19:03,188,1883,221,0,1,0
09/04/2021 19:03,237,1873,248,0,1,0
09/04/2021 19:03,292,1858,273,0,1,0
09/04/2021 19:03,332,1845,296,0,1,0
09/04/2021 19:03,358,1833,319,0,1,0
09/04/2021 19:03,409,1815,351,0,1,0
