Time,WaterTank1InFlow,Tank1WaterLevel,Tank2WaterLevel,Tank2OutFlow,WaterTank2State,Tank2Puddle,Tank3OutFlow,Tank2.level,controllerwt3_valve
0,0,1.00E-06,0,0,0,0.022567583,0,0,FALSE
0.05,0,6.89E-07,3.11E-07,0,0,0.022567583,0,0,FALSE
0.1,1,0.003333928,4.05E-07,0,0,0.022567583,0,0,FALSE
0.15,1,0.054484331,0.008850002,0,0,0.022567583,0,0,FALSE
0.2,0,0.077170513,0.029497154,0,0,0.022567583,0,0,FALSE
0.25,0,0.06660111,0.040066557,0,0,0.022567583,0,0,FALSE
0.3,0,0.060735312,0.045932355,0,0,0.022567583,0,0,FALSE
0.35,1,0.095830375,0.054170625,0,0,0.022567583,0,0,FALSE
0.4,1,0.123351477,0.066649523,0,0,0.022567583,0,0,FALSE
0.45,0,0.119414404,0.087253262,0,0,0.022567583,0,0,FALSE
0.5,0,0.112229993,0.094437674,0,0,0.022567583,0,0,FALSE
0.55,1,0.146386121,0.103614879,0,0,0.022567583,0,0,FALSE
0.6,1,0.173625351,0.116375649,0,0,0.022567583,0,0,FALSE
0.65,0,0.169494899,0.137172767,0,0,0.022567583,0,0,FALSE
0.7,0,0.162256312,0.144411354,0,0,0.022567583,0,0,FALSE
0.75,1,0.196379501,0.153621499,0,0,0.022567583,0,0,FALSE
0.8,1,0.223611824,0.166389176,0,0,0.022567583,0,0,FALSE
0.85,0,0.219479885,0.187187781,0,0,0.022567583,0,0,FALSE
0.9,0,0.212242667,0.194425,0,0,0.022567583,0,0,FALSE
0.95,1,0.246368772,0.203632228,0,0,0.022567583,0,0,FALSE
1,1,0.273602999,0.216398001,0,0,0.022567583,0,0,FALSE
1.05,0,0.269473487,0.23719418,0,0,0.022567583,0,0,FALSE
1.1,0,0.262237563,0.244430104,0,0,0.022567583,0,0,FALSE
1.15,1,0.296365175,0.253635825,0,0,0.022567583,0,0,FALSE
1.2,1,0.323600163,0.266400837,0,0,0.022567583,0,0,FALSE
1.25,0,0.31947151,0.287196157,0,0,0.022567583,0,0,FALSE
1.3,0,0.312236011,0.294431655,0,0,0.022567583,0,0,FALSE
1.35,1,0.346364098,0.303636902,0,0,0.022567583,0,0,FALSE
1.4,1,0.373599319,0.316401681,0,0,0.022567583,0,0,FALSE
1.45,0,0.369470925,0.337196741,0,0,0.022567583,0,0,FALSE
1.5,0,0.362235554,0.344432113,0,0,0.022567583,0,0,FALSE
1.55,1,0.396363781,0.353637219,0,0,0.022567583,0,0,FALSE
1.6,1,0.423599072,0.366401928,0,0,0.022567583,0,0,FALSE
1.65,0,0.419470754,0.387196913,0,0,0.022567583,0,0,FALSE
1.7,0,0.41223542,0.394432247,0,0,0.022567583,0,0,FALSE
1.75,1,0.446363689,0.403637311,0,0,0.022567583,0,0,FALSE
1.8,1,0.473598999,0.416402001,0,0,0.022567583,0,0,FALSE
1.85,0,0.469470704,0.437196963,0,0,0.022567583,0,0,FALSE
1.9,0,0.462235381,0.444432286,0,0,0.022567583,0,0,FALSE
1.95,1,0.496363662,0.453637338,0,0,0.022567583,0,0,FALSE
2,1,0.523598978,0.466402022,0,0,0.022567583,0,0,FALSE
2.05,0,0.519470689,0.487196978,0,0,0.022567583,0,0,FALSE
2.1,0,0.512235369,0.494432298,0,0,0.022567583,0,0,FALSE
2.15,1,0.546363654,0.503636023,2.43E-04,0.024332245,0.022567583,0,0,FALSE
2.2,1,0.573596375,0.516361988,0.00207976,0.207976031,0.022567583,0,8.92E-06,FALSE
2.25,0,0.569430045,0.536947626,0.006155907,0.615590651,0.022567583,0,1.28E-04,FALSE
2.3,0,0.562125643,0.543964219,0.008048791,0.804879071,0.022567583,0,3.60E-04,FALSE
2.35,1,0.596079808,0.552807344,0.009837474,0.983747407,0.022567583,0,8.37E-04,FALSE
2.4,1,0.623159296,0.56529771,0.011853142,1.185314239,0.022567583,0,0.00122439,FALSE
2.45,0,0.61873089,0.585559534,0.015897603,1.589760281,0.022567583,0,0.001928859,FALSE
2.5,0,0.611241001,0.59237274,0.017750586,1.775058591,0.022567583,0,0.002551282,FALSE
2.55,1,0.644910381,0.600920337,0.019479675,1.947967493,0.022567583,0,0.00361014,FALSE
2.6,1,0.671798312,0.613217353,0.02145641,2.145640979,0.022567583,0,0.004383564,FALSE
2.65,0,0.667082213,0.633192405,0.02544326,2.544325986,0.022567583,0,0.005664359,FALSE
2.7,0,0.659400887,0.639815984,0.027258198,2.725819754,0.022567583,0,0.0066688,FALSE
2.75,1,0.692784136,0.648080958,0.028930617,2.893061741,0.022567583,0,0.008298242,FALSE
2.8,1,0.719482125,0.660190629,0.030869799,3.086979884,0.022567583,0,0.009449892,FALSE
2.85,0,0.714482438,0.679886149,0.034800624,3.48006241,0.022567583,0,0.011295616,FALSE
2.9,0,0.70661296,0.686324328,0.036578406,3.657840584,0.022567583,0,0.012674538,FALSE
2.95,1,0.739715361,0.694312602,0.038195374,3.819537401,0.022567583,0,0.014863317,FALSE
3,1,0.766227042,0.706238729,0.040097773,4.009777295,0.022567583,0,0.016385742,FALSE
3.05,0,0.760949271,0.725660302,0.043973699,4.397369941,0.022567583,0,0.018785267,FALSE
3.1,0,0.752895323,0.731916757,0.045715064,4.571506392,0.022567583,0,0.020531295,FALSE
3.15,1,0.785722389,0.739633799,0.047277677,4.727767746,0.022567583,0,0.023268394,FALSE
3.2,1,0.812051423,0.751380001,0.04914402,4.914401983,0.022567583,0,0.025154293,FALSE
3.25,0,0.806501041,0.770533027,0.05296613,5.296612971,0.022567583,0,0.028096713,FALSE
3.3,0,0.798266254,0.776611339,0.054671795,5.467179452,0.022567583,0,0.030202618,FALSE
3.35,1,0.830823407,0.78406249,0.056181124,5.618112405,0.022567583,0,0.03347724,FALSE
3.4,1,0.856973391,0.795632312,0.05801212,5.801211999,0.022567583,0,0.035719454,FALSE
3.45,0,0.851155767,0.814522079,0.061781473,6.178147315,0.022567583,0,0.039194077,FALSE
3.5,0,0.842743702,0.820425755,0.063452141,6.345214129,0.022567583,0,0.041652772,FALSE
3.55,1,0.875036256,0.827616253,0.064909236,6.490923615,0.022567583,0,0.045454331,FALSE
3.6,1,0.901010717,0.839013167,0.066705582,6.670558172,0.022567583,0,0.048045844,FALSE
3.65,0,0.894931112,0.857644859,0.070423217,7.04232171,0.022567583,0,0.052042191,FALSE
3.7,0,0.88634526,0.863377339,0.072059578,7.205957775,0.022567583,0,0.054846728,FALSE
3.75,1,0.918378427,0.870312316,0.073465467,7.34654666,0.022567583,0,0.059164848,FALSE
3.8,1,0.94418082,0.881539728,0.075227844,7.522784417,0.022567583,0,0.06209878,FALSE
3.85,0,0.937844395,0.899918428,0.07889478,7.889478023,0.022567583,0,0.066606576,FALSE
3.9,0,0.929088178,0.905483083,0.080497509,8.049750901,0.022567583,0,0.069750144,FALSE
3.95,1,0.960867066,0.912167571,0.0818532,8.185320023,0.022567583,0,0.074574652,FALSE
4,1,0.98650078,0.923228818,0.083582279,8.358227873,0.022567583,0,0.077844261,FALSE
4.05,0,0.985695312,0.942241788,0.087375524,8.737552358,0.022567583,0,0.082853435,FALSE
4.1,0,0.975764525,0.948639605,0.089151976,8.915197582,0.022567583,0,0.086335811,FALSE
4.15,1,0.983130185,0.952552399,0.090256839,9.025683885,0.022567583,0,0.091679008,FALSE
4.2,1,1.012738197,0.959319453,0.091136798,9.113679761,0.022567583,0,0.095285599,FALSE
4.25,1,1.048339809,0.978163795,0.094295252,9.429525233,0.022567583,0,0.100750874,FALSE
4.3,0,1.035488147,0.990522651,0.096978235,9.697823548,0.022567583,0,0.104512156,FALSE
4.35,0,1.021527761,0.998583864,0.099315042,9.931504169,0.022567583,0,0.110321906,FALSE
4.4,1,1.032105433,1.000687583,0.099876619,9.987661859,0.022567583,0,0.114286719,FALSE
4.45,1,1.074093747,1.012667031,0.101558809,10.15588093,0.022567583,0,0.120277444,FALSE
4.5,1,1.096771737,1.025882984,0.103846757,10.38467569,0.022567583,0,0.124334189,FALSE
4.55,0,1.077852246,1.04178791,0.107515376,10.75153764,0.022567583,0,0.130557368,FALSE
4.6,0,1.066417946,1.046714737,0.109111552,10.9111552,0.022567583,0,0.136996062,FALSE
4.65,1,1.095291616,1.05013457,0.10958672,10.95867197,0.022567583,0,0.141355203,FALSE
4.7,1,1.133160676,1.065629341,0.111966582,11.19665818,0.022567583,0,0.147928823,FALSE
4.75,0,1.138441929,1.079152886,0.114534897,11.45348968,0.022567583,0,0.152399553,FALSE
4.8,0,1.120123991,1.090498164,0.11752505,11.75250502,0.022567583,0,0.159263086,FALSE
4.85,0,1.113148278,1.092754594,0.118336846,11.83368461,0.022567583,0,0.163954121,FALSE
4.9,1,1.155504974,1.099942559,0.119295032,11.92950315,0.022567583,0,0.171051625,FALSE
4.95,1,1.179429946,1.111212265,0.121100781,12.11007814,0.022567583,0,0.175820233,FALSE
5,0,1.176819571,1.129777786,0.124874294,12.48742939,0.022567583,0,0.18308026,FALSE
5.05,0,1.165936167,1.135629268,0.12656896,12.65689601,0.022567583,0,0.188062654,FALSE
5.1,1,1.172040943,1.138562333,0.127501226,12.75012265,0.022567583,0,0.195651142,FALSE
5.15,1,1.200864239,1.144626655,0.128249499,12.82494991,0.022567583,0,0.200748084,FALSE
5.2,1,1.23532728,1.162388709,0.131199526,13.1199526,0.022567583,0,0.20844056,FALSE
5.25,0,1.221730215,1.174019488,0.133740181,13.37401806,0.022567583,0,0.213678707,FALSE
5.3,0,1.206662741,1.180988361,0.135861671,13.58616713,0.022567583,0,0.221694649,FALSE
5.35,1,1.216507302,1.182366122,0.136279396,13.62793962,0.022567583,0,0.227122045,FALSE
5.4,1,1.257401627,1.19326177,0.137746115,13.77461153,0.022567583,0,0.235297416,FALSE
5.45,1,1.279353694,1.205758975,0.13989084,13.98908401,0.022567583,0,0.240802371,FALSE
5.5,0,1.259350226,1.22059161,0.143345456,14.33454559,0.022567583,0,0.249188673,FALSE
5.55,0,1.250253532,1.223929425,0.144466986,14.44669856,0.022567583,0,0.254910976,FALSE
5.6,1,1.274996074,1.227166469,0.145062624,14.50626241,0.022567583,0,0.263575256,FALSE
5.65,1,1.300561089,1.235777895,0.146266279,14.62662789,0.022567583,0,0.269375776,FALSE
5.7,0,1.316369548,1.254431577,0.149659938,14.96599378,0.022567583,0,0.27814774,FALSE
5.75,0,1.302082618,1.262687011,0.15178131,15.17813103,0.022567583,0,0.284122826,FALSE
5.8,0,1.289316011,1.266298055,0.153114406,15.31144065,0.022567583,0,0.293222633,FALSE
5.85,1,1.317305618,1.268845313,0.153415003,15.34150031,0.022567583,0,0.299342766,FALSE
5.9,1,1.353854853,1.28303802,0.155534255,15.55342548,0.022567583,0,0.308546664,FALSE
5.95,0,1.358260426,1.295697989,0.157929667,15.7929667,0.022567583,0,0.31476097,FALSE
6,0,1.338635302,1.305754508,0.160661728,16.06617278,0.022567583,0,0.324228765,FALSE
6.05,0,1.330792363,1.307156118,0.161302304,16.13023036,0.022567583,0,0.330646127,FALSE
6.1,1,1.371854572,1.313068313,0.16200492,16.200492,0.022567583,0,0.34032213,FALSE
6.15,1,1.394920782,1.323491776,0.16364113,16.36411295,0.022567583,0,0.346799985,FALSE
6.2,0,1.391028599,1.34079428,0.167161586,16.7161586,0.022567583,0,0.356612999,FALSE
6.25,0,1.379294867,1.345807957,0.168688382,16.86883819,0.022567583,0,0.363287727,FALSE
6.3,1,1.384130447,1.347490574,0.169370088,16.93700878,0.022567583,0,0.373403941,FALSE
6.35,1,1.412111795,1.352725416,0.169952147,16.99521471,0.022567583,0,0.380176472,FALSE
6.4,1,1.445318161,1.369249435,0.172654089,17.26540885,0.022567583,0,0.390371661,FALSE
6.45,0,1.43088746,1.380058961,0.175030172,17.50301722,0.022567583,0,0.397268818,FALSE
6.5,0,1.414575725,1.385802071,0.17690603,17.69060299,0.022567583,0,0.407762708,FALSE
6.55,1,1.423594889,1.386366715,0.177160811,17.71608112,0.022567583,0,0.414832696,FALSE
6.6,1,1.463257254,1.396048741,0.178384327,17.83843266,0.022567583,0,0.425461496,FALSE
6.65,1,1.484392087,1.407740881,0.18036772,18.03677196,0.022567583,0,0.43259279,FALSE
6.7,0,1.463168844,1.421371909,0.183581537,18.35815374,0.022567583,0,0.443408242,FALSE
6.75,0,1.453262999,1.423912629,0.184543332,18.45433315,0.022567583,0,0.450740791,FALSE
6.8,1,1.476797833,1.425959959,0.184900554,18.49005545,0.022567583,0,0.461810185,FALSE
6.85,1,1.501561702,1.433782179,0.185946054,18.5946054,0.022567583,0,0.469205016,FALSE
6.9,0,1.516174402,1.451257923,0.189103656,18.91036564,0.022567583,0,0.480358295,FALSE
6.95,0,1.501094254,1.45873196,0.191068439,19.10684386,0.022567583,0,0.487911916,FALSE
7,0,1.487143718,1.461176723,0.192167814,19.2167814,0.022567583,0,0.499369473,FALSE
7.05,1,1.514347956,1.462950317,0.19231337,19.23133698,0.022567583,0,0.507052521,FALSE
7.1,1,1.549724978,1.475988285,0.194201213,19.42012134,0.022567583,0,0.518590838,FALSE
7.15,0,1.553352952,1.487882246,0.196443119,19.64431189,0.022567583,0,0.526352593,FALSE
7.2,0,1.532567214,1.496795452,0.198946062,19.89460615,0.022567583,0,0.538131707,FALSE
7.25,0,1.523954371,1.497438635,0.19943465,19.94346496,0.022567583,0,0.546081207,FALSE
7.3,1,1.563867451,1.50221883,0.199910415,19.9910415,0.022567583,0,0.558045657,FALSE
7.35,1,1.586171375,1.511891371,0.201396141,20.13961408,0.022567583,0,0.566040488,FALSE
7.4,0,1.581141434,1.528073078,0.204691991,20.46919911,0.022567583,0,0.578119304,FALSE
7.45,0,1.56865296,1.532343262,0.206069792,20.60697922,0.022567583,0,0.586295997,FALSE
7.5,1,1.572362039,1.532916173,0.206529115,20.65291145,0.022567583,0,0.598655592,FALSE
7.55,1,1.599596113,1.537414881,0.206963653,20.69636535,0.022567583,0,0.606915226,FALSE
7.6,1,1.631687127,1.552840174,0.209445412,20.94454118,0.022567583,0,0.619331596,FALSE
7.65,0,1.616516547,1.562920849,0.211675435,21.1675435,0.022567583,0,0.62770114,FALSE
7.7,0,1.599100496,1.567576106,0.213333288,21.33332884,0.022567583,0,0.640394233,FALSE
7.75,1,1.607387102,1.567419112,0.213443454,21.34434545,0.022567583,0,0.648922038,FALSE
7.8,1,1.645956079,1.576024049,0.214451123,21.44511228,0.022567583,0,0.661728278,FALSE
7.85,1,1.666365602,1.587001692,0.216291332,21.62913316,0.022567583,0,0.670302964,FALSE
7.9,0,1.64405979,1.59956629,0.219291438,21.92914383,0.022567583,0,0.68327431,FALSE
7.95,0,1.633435814,1.601399583,0.220111465,22.01114651,0.022567583,0,0.692035967,FALSE
8,1,1.655898791,1.602391035,0.220257092,22.02570917,0.022567583,0,0.705239922,FALSE
8.05,1,1.679951635,1.609512829,0.221162227,22.11622267,0.022567583,0,0.71404972,FALSE
8.1,0,1.693503085,1.625943143,0.224110327,22.41103265,0.022567583,0,0.727316437,FALSE
8.15,0,1.677718947,1.632723685,0.225936133,22.59361332,0.022567583,0,0.736271023,FALSE
8.2,0,1.662717663,1.634133363,0.226828079,22.68280792,0.022567583,0,0.749821105,FALSE
8.25,1,1.689224877,1.635220325,0.226836035,22.68360346,0.022567583,0,0.758891255,FALSE
8.3,1,1.723561549,1.64723345,0.228518501,22.85185014,0.022567583,0,0.77250139,FALSE
8.35,0,1.726499396,1.658447573,0.230624168,23.06241682,0.022567583,0,0.781636522,FALSE
8.4,0,1.704683603,1.666346078,0.232923766,23.29237663,0.022567583,0,0.795466953,FALSE
8.45,0,1.695387462,1.66631615,0.233277464,23.32774638,0.022567583,0,0.804776239,FALSE
8.5,1,1.734280679,1.670091685,0.233551897,23.35518967,0.022567583,0,0.818771707,FALSE
8.55,1,1.755908067,1.679097775,0.234904067,23.49040668,0.022567583,0,0.828112869,FALSE
8.6,0,1.749868355,1.694284764,0.238000577,23.8000577,0.022567583,0,0.842202605,FALSE
8.65,0,1.73671004,1.697895093,0.239246144,23.9246144,0.022567583,0,0.851712307,FALSE
8.7,1,1.73941934,1.697483128,0.239508099,23.95080987,0.022567583,0,0.866062923,FALSE
8.75,1,1.765990201,1.70132851,0.239811712,23.9811712,0.022567583,0,0.875642374,FALSE
8.8,1,1.797091329,1.715778673,0.242098056,24.20980558,0.022567583,0,0.890030065,FALSE
8.85,0,1.781264099,1.725212488,0.244198449,24.41984488,0.022567583,0,0.899706366,FALSE
8.9,0,1.762867957,1.728902264,0.245662821,24.56628214,0.022567583,0,0.914351272,FALSE
8.95,1,1.770504411,1.72810481,0.24564464,24.56446401,0.022567583,0,0.924172903,FALSE
9,1,1.808102996,1.73575382,0.246460742,24.64607422,0.022567583,0,0.938911642,FALSE
9.05,1,1.827868801,1.746097341,0.248173874,24.81738737,0.022567583,0,0.948767352,FALSE
9.1,0,1.804602199,1.757715471,0.25098431,25.09843097,0.022567583,0,0.963652074,FALSE
9.15,0,1.793340874,1.758920916,0.251678517,25.16785167,0.022567583,0,0.973682078,FALSE
9.2,1,1.814852569,1.758975268,0.251636349,25.16363495,0.022567583,0,0.988780475,FALSE
9.25,1,1.838274371,1.765475426,0.25241691,25.24169097,0.022567583,0,0.998846069,FALSE
9.3,0,1.850883952,1.780977912,0.255179074,25.5179074,0.022567583,0,1.013988482,FALSE
9.35,0,1.834475016,1.78714297,0.256881539,25.68815387,0.022567583,0,1.024186438,FALSE
9.4,0,1.818541183,1.787634001,0.257589389,25.7589389,0.022567583,0,1.039593655,FALSE
9.45,1,1.844429782,1.788111569,0.257475223,25.74752229,0.022567583,0,1.049894871,FALSE
9.5,1,1.877843133,1.799215138,0.258975416,25.89754158,0.022567583,0,1.065343765,FALSE
9.55,0,1.880168487,1.809825898,0.26096017,26.09601695,0.022567583,0,1.075697781,FALSE
9.6,0,1.857438509,1.816823847,0.263079297,26.30792974,0.022567583,0,1.091348776,FALSE
9.65,0,1.847535936,1.816196525,0.263313278,26.33132783,0.022567583,0,1.101864884,FALSE
9.7,1,1.885524015,1.819080416,0.263409027,26.34090268,0.022567583,0,1.1176629,FALSE
9.75,1,1.906550971,1.827495025,0.264642665,26.46426649,0.022567583,0,1.128198942,FALSE
9.8,0,1.899615078,1.841799192,0.267562259,26.75622588,0.022567583,0,1.14407339,FALSE
9.85,0,1.885862272,1.844823892,0.268690467,26.86904668,0.022567583,0,1.154766149,FALSE
9.9,1,1.887684259,1.843537842,0.268777256,26.87772559,0.022567583,0,1.170883816,FALSE
9.95,1,1.913666513,1.84680339,0.268964671,26.89646715,0.022567583,0,1.181634617,FALSE
10,1,1.943889108,1.860388117,0.271077583,27.1077583,0.022567583,0,1.197771872,FALSE
10.05,0,1.927479094,1.869247836,0.273062928,27.30629282,0.022567583,0,1.208607933,FALSE
10.1,0,1.908213113,1.87208074,0.274355585,27.43555846,0.022567583,0,1.22498509,FALSE
10.15,1,1.915272551,1.870714871,0.274223494,27.42234939,0.022567583,0,1.235955005,FALSE
10.2,1,1.952009904,1.877515488,0.274869579,27.48695791,0.022567583,0,1.252408855,FALSE
10.25,1,1.971204402,1.887296218,0.276469928,27.64699283,0.022567583,0,1.263401485,FALSE
10.3,0,1.947085091,1.898074351,0.27911203,27.91120299,0.022567583,0,1.279984346,FALSE
10.35,0,1.935258112,1.898722575,0.279694571,27.96945705,0.022567583,0,1.29114002,FALSE
10.4,1,1.955925535,1.89794524,0.279485735,27.94857346,0.022567583,0,1.307919752,FALSE
10.45,1,1.978787281,1.903893691,0.280155734,28.01557336,0.022567583,0,1.319099878,FALSE
10.5,0,1.990560945,1.91857272,0.282752878,28.27528784,0.022567583,0,1.335906989,FALSE
10.55,0,1.973597495,1.924191531,0.284345876,28.43458758,0.022567583,0,1.347208447,FALSE
10.6,0,1.956836017,1.923867255,0.28489034,28.48903396,0.022567583,0,1.364263889,FALSE
10.65,1,1.982175589,1.92380398,0.284667789,28.46677895,0.022567583,0,1.375657688,FALSE
10.7,1,2.014769484,1.934100309,0.286006213,28.60062126,0.022567583,0,1.392738497,FALSE
10.75,0,2.016551244,1.944175579,0.287883655,28.78836548,0.022567583,0,1.404174284,FALSE
10.8,0,1.993009919,1.950374275,0.289842614,28.98426136,0.022567583,0,1.421441045,FALSE
10.85,0,1.982569131,1.949216762,0.289970345,28.99703449,0.022567583,0,1.43302822,FALSE
10.9,1,2.019753891,1.95130931,0.289907509,28.99075094,0.022567583,0,1.450426015,FALSE
10.95,1,2.040247959,1.959198973,0.291035949,29.10359492,0.022567583,0,1.462022525,FALSE
11,0,2.032516696,1.972719628,0.293798528,29.37985283,0.022567583,0,1.47948092,FALSE
11.05,0,2.018236275,1.975224578,0.294822579,29.4822579,0.022567583,0,1.491223653,FALSE
11.1,1,2.019270763,1.973162768,0.294753907,29.4753907,0.022567583,0,1.508909594,FALSE
11.15,1,2.044730622,1.975913709,0.294838196,29.4838196,0.022567583,0,1.520699979,FALSE
11.2,1,2.074173511,1.988730353,0.296797185,29.67971848,0.022567583,0,1.53838999,FALSE
11.25,0,2.057246272,1.997080556,0.298680424,29.86804238,0.022567583,0,1.550255347,FALSE
11.3,0,2.0372083,1.999152978,0.299820681,29.98206807,0.022567583,0,1.568169895,FALSE
11.35,1,2.04375563,1.997282636,0.299587494,29.95874942,0.022567583,0,1.580158922,FALSE
11.4,1,2.079728632,2.003330295,0.300082688,30.00826878,0.022567583,0,1.598134949,FALSE
11.45,1,2.09841609,2.012611544,0.301582942,30.15829417,0.022567583,0,1.610136605,FALSE
11.5,0,2.073539991,2.022644171,0.304075645,30.40756449,0.022567583,0,1.628226581,FALSE
11.55,0,2.061210989,2.022797856,0.304559081,30.45590807,0.022567583,0,1.640381298,FALSE
11.6,1,2.081129114,2.021282391,0.304202325,30.42023246,0.022567583,0,1.658653231,FALSE
11.65,1,2.103493805,2.026741198,0.304774199,30.47741995,0.022567583,0,1.670822513,FALSE
11.7,0,2.114525584,2.040689402,0.307224888,30.72248879,0.022567583,0,1.689107059,FALSE
11.75,0,2.097069998,2.045823413,0.308720732,30.87207321,0.022567583,0,1.701387886,FALSE
11.8,0,2.079573976,2.044775543,0.309120189,30.91201888,0.022567583,0,1.719906143,FALSE
11.85,1,2.104426282,2.044232266,0.308801447,30.88014469,0.022567583,0,1.73226962,FALSE
11.9,1,2.136292902,2.053812161,0.309996298,30.99962978,0.022567583,0,1.750798769,FALSE
11.95,0,2.137592218,2.063412178,0.3117785,31.17785,0.022567583,0,1.763194638,FALSE
12,0,2.113330815,2.068901531,0.313595307,31.35953073,0.022567583,0,1.781895407,TRUE
12.05,0,2.102412356,2.067273468,0.313628741,31.36287411,0.675952482,2.389181705,1.70481875,FALSE
12.1,1,2.138884164,2.068663691,0.313425161,31.34251607,0.705316784,0,1.715672424,TRUE
12.15,1,2.158905287,2.076087461,0.314460236,31.44602361,0.967976499,2.301024018,1.641913163,FALSE
12.2,0,2.150468127,2.08891274,0.317083463,31.70834631,0.987948328,0,1.653107247,TRUE
12.25,0,2.135719441,2.090956407,0.318015073,31.80150732,1.18304825,2.217922974,1.582615782,FALSE
12.3,1,2.136055018,2.088206103,0.317808428,31.78084281,1.198856034,0,1.594300504,TRUE
12.35,1,2.161051246,2.090500325,0.317801191,31.78011913,1.358609336,2.139690306,1.526792267,FALSE
12.4,1,2.189802138,2.102635288,0.319623572,31.96235722,1.371912475,0,1.538728062,TRUE
12.45,0,2.172415857,2.110533293,0.321416191,32.14161911,1.508819569,2.065801171,1.474068114,FALSE
12.5,0,2.151692736,2.111930779,0.322421192,32.24211919,1.520396863,0,1.486461106,TRUE
12.55,1,2.157785566,2.109612712,0.322098282,32.2098282,1.640938731,1.996378496,1.424531037,FALSE
12.6,1,2.193080199,2.114992115,0.322459558,32.24595579,1.651233324,0,1.437203415,TRUE
12.65,1,2.211317654,2.12383007,0.323870976,32.38709763,1.759283266,1.930810627,1.377744586,FALSE
12.7,0,2.185769899,2.133201052,0.326231087,32.62310869,1.768574587,0,1.390736105,TRUE
12.75,0,2.172995348,2.132915829,0.326626566,32.66265662,1.866688364,1.869149208,1.333745612,FALSE
12.8,1,2.192248462,2.130745268,0.32613853,32.61385297,1.875168555,0,1.34711139,TRUE
12.85,1,2.214172012,2.13576951,0.326623318,32.66233184,1.965145761,1.811082667,1.292311791,FALSE
12.9,0,2.224545362,2.1490691,0.328944026,32.89440255,1.972953055,0,1.305870632,TRUE
12.95,0,2.206653,2.153772846,0.330353645,33.03536453,2.056106794,1.756322695,1.253237397,FALSE
13,0,2.188505064,2.15208278,0.330624407,33.06244069,2.063344714,0,1.267199508,TRUE
13.05,1,2.212924917,2.151113497,0.330220294,33.02202938,2.140693174,1.704943597,1.216575452,FALSE
13.1,1,2.244146074,2.160057551,0.331287723,33.1287723,2.147442964,0,1.230706871,TRUE
13.15,0,2.245017215,2.169235777,0.332985399,33.29853989,2.219770058,1.656396525,1.18193432,FALSE
13.2,0,2.220116736,2.17409558,0.334676045,33.46760454,2.226095005,0,1.196386463,TRUE
13.25,0,2.208774341,2.1720499,0.334625789,33.46257892,2.294041943,1.610890486,1.14946314,FALSE
13.3,1,2.244613396,2.172816803,0.334297297,33.42972965,2.299994731,0,1.16417122,TRUE
13.35,1,2.264214777,2.179827088,0.33524951,33.52495101,2.364082344,1.567993193,1.118853451,FALSE
13.4,0,2.255151126,2.192035216,0.337749061,33.77490608,2.369705553,0,1.133738603,TRUE
13.45,0,2.239986852,2.193669489,0.338598629,33.85986291,2.430363324,1.527656379,1.090070811,FALSE
13.5,1,2.239702137,2.190308141,0.338269531,33.82695315,2.435692959,0,1.105291708,TRUE
13.55,1,2.264286889,2.192197021,0.338181065,33.81810646,2.493292812,1.489828181,1.063078213,FALSE
13.6,1,2.292423628,2.203726985,0.339882205,33.98822047,2.498359693,0,1.078403278,TRUE
13.65,0,2.274629942,2.211223659,0.341594397,34.15943975,2.553205172,1.454112723,1.037593176,FALSE
13.7,0,2.253298745,2.212022133,0.342479357,34.24793572,2.558034877,0,1.05323609,TRUE
13.75,1,2.258988202,2.209306706,0.342076817,34.2076817,2.610400714,1.420754858,1.013790418,FALSE
13.8,1,2.293680776,2.214093026,0.34231924,34.23192397,2.615016515,0,1.02958052,TRUE
13.85,1,2.31151885,2.222537552,0.343651816,34.36518157,2.665131303,1.389258207,0.991315744,FALSE
13.9,0,2.285374993,2.231321319,0.345894249,34.58942492,2.66955233,0,1.00729955,TRUE
13.95,0,2.272205012,2.230646562,0.346211666,34.62116663,2.717619616,1.359783401,0.970283773,FALSE
14,1,2.290867924,2.227894597,0.345607117,34.56071172,2.721863476,0,0.986522803,TRUE
14.05,1,2.312399958,2.232533158,0.346014616,34.60146161,2.768065643,1.33212191,0.950545705,FALSE
14.1,0,2.322188945,2.245257097,0.348219963,34.82199635,2.77214758,0,0.966864817,TRUE
14.15,0,2.303908941,2.24957898,0.349553058,34.95530584,2.816637212,1.306082842,0.931965331,FALSE
14.2,0,2.285182425,2.247318958,0.349709602,34.97096018,2.820570498,0,0.948580461,TRUE
14.25,1,2.309218472,2.24597159,0.349229721,34.9229721,2.863495407,1.281832604,0.914661389,FALSE
14.3,1,2.339866774,2.254351329,0.350184062,35.01840623,2.867292627,0,0.931343997,TRUE
14.35,0,2.340357906,2.263155211,0.35180672,35.18067202,2.908772782,1.258909427,0.898304382,FALSE
14.4,0,2.314890242,2.267456284,0.353385398,35.33853979,2.912444164,0,0.915211012,TRUE
14.45,0,2.303171598,2.265039964,0.353260866,35.32608661,2.952596174,1.237604643,0.883102192,FALSE
14.5,1,2.338449079,2.265253665,0.352821512,35.28215124,2.956151957,0,0.90017291,TRUE
14.55,1,2.357677936,2.271896978,0.353700185,35.37001854,2.995077515,1.217563801,0.868801897,FALSE
14.6,0,2.348058268,2.283557379,0.356089972,35.60899722,2.998526192,0,0.885962433,TRUE
14.65,0,2.332525155,2.284828311,0.356866728,35.68667276,3.036314243,1.198812219,0.855421563,FALSE
14.7,1,2.331689926,2.280924655,0.356428952,35.64289523,3.039663773,0,0.872834937,TRUE
14.75,1,2.355909489,2.28245379,0.356268393,35.6268393,3.076403058,1.181367606,0.842973827,FALSE
14.8,1,2.383501161,2.293446813,0.357861931,35.78619308,3.079660906,0,0.860412574,TRUE
14.85,0,2.3653459,2.300587301,0.359502745,35.95027445,3.115420972,1.16489986,0.831223142,FALSE
14.9,0,2.34347503,2.300854147,0.360281167,36.02811667,3.118593238,0,0.848904838,TRUE
14.95,1,2.348806489,2.29778606,0.359807954,35.98079538,3.153448662,1.149716021,0.820388598,FALSE
15,1,2.38296473,2.302046012,0.359944893,35.99448932,3.156541881,0,0.838146266,TRUE
15.05,1,2.400448349,2.310141367,0.361207496,36.12074958,3.190552462,1.1353785,0.810157951,FALSE
15.1,0,2.373775446,2.318403975,0.36334549,36.33454898,3.193571636,0,0.828041597,TRUE
15.15,0,2.360254519,2.317383502,0.363593626,36.3593626,3.226795188,1.122103512,0.800685483,FALSE
15.2,1,2.37839362,2.314115535,0.362885671,36.28856708,3.229745594,0,0.818759928,TRUE
15.25,1,2.399578179,2.318411802,0.363224574,36.32245744,3.262237859,1.109735075,0.791859891,FALSE
15.3,0,2.408848539,2.330624845,0.365327539,36.5327539,3.265124086,0,0.809953118,TRUE
15.35,0,2.390224499,2.33460782,0.366592717,36.65927172,3.29692866,1.09813198,0.783580414,FALSE
15.4,0,2.370984488,2.331841958,0.366647891,36.66478909,3.299754697,0,0.80191132,TRUE
15.45,1,2.394679903,2.330159036,0.366100766,36.61007656,3.330922065,1.087507604,0.77599931,FALSE
15.5,1,2.424819791,2.338037941,0.36695474,36.69547403,3.333692233,0,0.794342154,TRUE
15.55,0,2.424973663,2.346509589,0.368510819,36.85108191,3.364258369,1.077444582,0.768818764,FALSE
15.6,0,2.399002615,2.350314782,0.369990123,36.99901234,3.366975741,0,0.787332744,TRUE
15.65,0,2.386950047,2.347569517,0.369799671,36.97996713,3.396981617,1.068276229,0.762276616,FALSE
15.7,1,2.421729127,2.347292246,0.369261928,36.92619276,3.399649942,0,0.78090431,TRUE
15.75,1,2.440627364,2.353609868,0.370075333,37.00753325,3.42913047,1.059687784,0.756148266,FALSE
15.8,0,2.430514227,2.364784155,0.372367703,37.23677029,3.431752555,0,0.774817782,TRUE
15.85,0,2.414653766,2.36573262,0.373079836,37.30798361,3.460737418,1.051742088,0.750478554,FALSE
15.9,1,2.41332995,2.36134766,0.372545608,37.25456082,3.463316099,0,0.769355164,TRUE
15.95,1,2.437225404,2.362557518,0.372321066,37.23210663,3.491839933,1.044492327,0.745305432,FALSE
16,1,2.464333324,2.373074,0.373819106,37.38191061,3.494378052,0,0.764163803,TRUE
16.05,0,2.445857162,2.379898371,0.37539657,37.53965702,3.522463112,1.037641935,0.740417283,FALSE
16.1,0,2.423507326,2.379693392,0.376080439,37.60804393,3.524962686,0,0.759477012,TRUE
16.15,1,2.435065504,2.376434315,0.37561117,37.56111704,3.552639575,1.031529659,0.736055822,FALSE
16.2,1,2.466980235,2.381985072,0.375970528,37.59705285,3.555103337,0,0.755155624,TRUE
16.25,0,2.467569846,2.389666352,0.377300028,37.73000279,3.582393452,1.025772384,0.731947674,FALSE
16.3,0,2.441757695,2.392793132,0.378580939,37.85809392,3.584823133,0,0.751162003,TRUE
16.35,1,2.432984485,2.389760543,0.378309226,37.83092259,3.61174955,1.020594233,0.728252766,FALSE
16.4,1,2.469455924,2.390611579,0.377973555,37.79735552,3.614147335,0,0.747550244,TRUE
16.45,1,2.487438221,2.397495648,0.378909696,37.89096959,3.640730069,1.015760217,0.724803417,FALSE
16.5,0,2.460822848,2.404650477,0.380739705,38.07397046,3.643097517,0,0.744149011,TRUE
16.55,0,2.447117442,2.403122419,0.380852818,38.08528177,3.669354123,1.01137366,0.721673356,FALSE
16.6,1,2.470620773,2.400125432,0.380168292,38.01682916,3.671692973,0,0.741152902,TRUE
16.65,1,2.490475692,2.405059394,0.380629383,38.0629383,3.69764305,1.007365137,0.718813044,FALSE
16.7,0,2.48085789,2.415118191,0.38259233,38.25923305,3.699954822,0,0.738291386,TRUE
16.75,0,2.465022651,2.415636234,0.383175928,38.31759284,3.725611567,1.003676283,0.716180834,FALSE
16.8,1,2.470084665,2.410931356,0.382581932,38.25819325,3.727897596,0,0.735823857,TRUE
16.85,1,2.492477744,2.413241347,0.382517525,38.25175253,3.753279775,1.000402187,0.713844578,FALSE
16.9,0,2.502286703,2.423775644,0.3841628,38.41627995,3.755541562,0,0.73346117,TRUE
16.95,0,2.48360672,2.427066398,0.385236617,38.52366171,3.780659329,0.997333222,0.711654695,FALSE
17,1,2.467347376,2.423542237,0.385092955,38.50929553,3.78289786,0,0.731440868,TRUE
17.05,1,2.493172996,2.422325718,0.384619776,38.46197762,3.807768395,0.994702365,0.709777427,FALSE
17.1,1,2.52144772,2.430956293,0.38562251,38.56225098,3.809985137,0,0.729540516,TRUE
17.15,0,2.503183436,2.437102305,0.386999308,38.69993084,3.834617023,0.992196385,0.707989265,FALSE
17.2,0,2.48078144,2.436260889,0.387497656,38.74976565,3.836812709,0,0.727897313,TRUE
17.25,1,2.492187352,2.432699864,0.386945064,38.69450642,3.86122059,0.990113372,0.706502916,FALSE
17.3,1,2.523801328,2.437875178,0.387207742,38.72077421,3.86339658,0,0.726421084,TRUE
17.35,0,2.524169617,2.445329801,0.38848263,38.84826299,3.887588939,0.988133422,0.705090108,FALSE
17.4,0,2.49801559,2.448130217,0.389688824,38.96888238,3.889745857,0,0.725101038,TRUE
17.45,1,2.489013175,2.444883681,0.389369971,38.93699713,3.913733982,0.98650724,0.703929733,FALSE
17.5,1,2.5251426,2.445415392,0.388965779,38.89657792,3.915872974,0,0.724004637,TRUE
17.55,1,2.542898816,2.452086867,0.389857166,38.98571664,3.93966619,0.985015385,0.702865209,FALSE
17.6,0,2.51594747,2.458922941,0.391620959,39.16209593,3.941787897,0,0.722970283,TRUE
17.65,0,2.5020201,2.457182536,0.39169039,39.16903896,3.965393969,0.983773605,0.701979127,FALSE
17.7,1,2.525193247,2.453867501,0.390940887,39.09408869,3.967499262,0,0.722201073,TRUE
17.75,1,2.544829731,2.458589889,0.391358976,39.13589757,3.990928482,0.982723644,0.70122992,FALSE
17.8,0,2.534886577,2.468332226,0.393257839,39.3257839,3.993018079,0,0.721434319,TRUE
17.85,0,2.518835859,2.468639996,0.393798974,39.37989736,4.016275394,0.981817537,0.70058336,FALSE
17.9,1,2.523576638,2.463620892,0.393141648,39.31416477,4.018349896,0,0.720936769,TRUE
17.95,1,2.545756817,2.465722246,0.393035254,39.30352542,4.041445943,0.981160145,0.700114273,FALSE
18,0,2.555248218,2.475944929,0.394617887,39.4617887,4.043506152,0,0.720426209,TRUE
18.05,0,2.536357687,2.479028865,0.395650163,39.56501635,4.066444068,0.980551061,0.699679656,FALSE
18.1,1,2.5197842,2.4751959,0.395444513,39.54445128,4.068490348,0,0.720146722,TRUE
18.15,1,2.545401489,2.473774477,0.39493022,39.49302196,4.091280245,0.980231964,0.699451962,FALSE
18.2,1,2.573365327,2.482099157,0.395871595,39.58715952,4.093313447,0,0.719882049,TRUE
18.25,0,2.554894846,2.488042219,0.397207695,39.72076952,4.11595786,0.979897843,0.699213548,FALSE
18.3,0,2.532185121,2.486897854,0.397645302,39.76453019,4.11797819,0,0.71977523,TRUE
18.35,1,2.543386915,2.483135849,0.397052418,39.70524182,4.140485679,0.979854561,0.699182663,FALSE
18.4,1,2.574696251,2.488011169,0.397254961,39.7254961,4.142493957,0,0.719741603,TRUE
18.45,0,2.574862463,2.495266778,0.398489959,39.84899587,4.164867695,0.979789555,0.699136278,FALSE
18.5,0,2.548406834,2.497770144,0.399636615,39.96366153,4.16686409,0,0.719775594,TRUE
18.55,1,2.539204354,2.494326553,0.399278269,39.92782687,4.189110195,0.97996047,0.699258235,FALSE
18.6,1,2.575035174,2.494564142,0.39881513,39.88151299,4.191095388,0,0.719949591,TRUE
18.65,1,2.59259331,2.501040505,0.399667415,39.96674146,4.213218451,0.980154426,0.699396634,FALSE
18.7,0,2.565346322,2.507585359,0.401372845,40.13728449,4.215192681,0,0.720106657,TRUE
18.75,0,2.551222835,2.50565177,0.40140356,40.140356,4.237196113,0.98049337,0.69963849,FALSE
18.8,1,2.574103269,2.502048394,0.400596273,40.05962727,4.239159855,0,0.72045429,TRUE
18.85,1,2.59354558,2.506579507,0.40097603,40.09760297,4.261049696,0.98092491,0.699946419,FALSE
18.9,0,2.58331261,2.516036355,0.40281768,40.28176804,4.263003309,0,0.720733965,TRUE
18.95,0,2.567069641,2.516154742,0.403320862,40.33208625,4.284780835,0.981406619,0.700290146,FALSE
19,1,2.571523474,2.510852972,0.40260689,40.26068904,4.286724587,0,0.721216365,TRUE
19.05,1,2.593513305,2.512766816,0.40246292,40.24629201,4.308396633,0.982048596,0.700748234,FALSE
19.1,0,2.6027206,2.522709629,0.403989467,40.39894671,4.310330999,0,0.721622993,TRUE
19.15,0,2.583641604,2.525607911,0.404984539,40.49845387,4.331897576,0.982655382,0.701181211,FALSE
19.2,1,2.566786823,2.521497846,0.404723357,40.47233573,4.333822641,0,0.722201448,TRUE
19.25,1,2.592217512,2.519892606,0.404172227,40.41722274,4.355290499,0.983473336,0.701764868,FALSE
19.3,1,2.619902839,2.527942927,0.405058622,40.50586218,4.357206822,0,0.722738794,TRUE
19.35,0,2.601247605,2.53370399,0.40635825,40.63582495,4.37857578,0.984201871,0.702284719,FALSE
19.4,0,2.578262126,2.532287982,0.406741419,40.67414192,4.380483328,0,0.723381209,TRUE
19.45,1,2.589280995,2.528345779,0.406112424,40.61124242,4.401759031,0.985151026,0.702961996,FALSE
19.5,1,2.620317306,2.532952143,0.406261069,40.62610685,4.403658366,0,0.724047001,TRUE
19.55,0,2.620302403,2.540029339,0.407460312,40.74603122,4.424841554,0.986012191,0.703576487,FALSE
19.6,0,2.59357645,2.54226641,0.408553604,40.85536038,4.426732638,0,0.724733401,TRUE
19.65,1,2.584194647,2.53864617,0.408159857,40.8159857,4.447826967,0.987046745,0.704314701,FALSE
19.7,1,2.619757818,2.538620099,0.407643881,40.76438813,4.449710255,0,0.725515449,TRUE
19.75,1,2.637138407,2.544921561,0.408461116,40.8461116,4.470718082,0.988045337,0.705027253,FALSE
19.8,0,2.609626418,2.551205366,0.410114232,41.01142322,4.472593626,0,0.726238712,TRUE
19.85,0,2.59532714,2.549098606,0.410110244,41.01102443,4.493516321,0.989133249,0.705803542,FALSE
19.9,1,2.617945195,2.545236763,0.409251161,40.92511605,4.495384408,0,0.727113059,TRUE
19.95,1,2.637213455,2.54959642,0.409596558,40.95965578,4.51622594,0.990261242,0.70660843,FALSE
20,0,2.626720703,2.558797357,0.411386925,41.13869246,4.518086757,0,0.727882201,FALSE
20.05,0,2.610305405,2.558745985,0.411856087,41.18560871,4.518086757,0,0.74433171,FALSE
20.1,1,2.614502027,2.553190837,0.411091339,41.10913385,4.518086757,0,0.769041512,FALSE
20.15,1,2.636321234,2.554936602,0.410913685,41.09136852,4.518086757,0,0.785487714,FALSE
20.2,0,2.645273862,2.564628545,0.412389958,41.23899583,4.518086757,0,0.810143128,FALSE
20.25,0,2.626025932,2.56736041,0.41335168,41.33516801,4.518086757,0,0.826633805,FALSE
20.3,1,2.608919004,2.563001957,0.413040722,41.30407222,4.518086757,0,0.8514317,FALSE
20.35,1,2.63418243,2.561231947,0.412456573,41.24565726,4.518086757,0,0.867954366,FALSE
20.4,1,2.661618106,2.569036338,0.413293683,41.32936831,4.518086757,0,0.892703707,FALSE
20.45,0,2.642797264,2.574634262,0.414560618,41.45606179,4.518086757,0,0.909232664,FALSE
20.5,0,2.619564603,2.572974758,0.414894991,41.48949912,4.518086757,0,0.934102078,FALSE
20.55,1,2.630419503,2.56887103,0.414233627,41.42336268,4.518086757,0,0.950696763,FALSE
20.6,1,2.661211078,2.573236307,0.414333958,41.43339578,4.518086757,0,0.975552985,FALSE
20.65,0,2.661033829,2.580153575,0.415501152,41.55011523,4.518086757,0,0.992126009,FALSE
20.7,0,2.634065563,2.582151946,0.416546609,41.65466086,4.518086757,0,1.017052188,FALSE
20.75,1,2.624523019,2.578373362,0.41612113,41.61211298,4.518086757,0,1.033710567,FALSE
20.8,1,2.659846275,2.578110952,0.415557792,41.55577921,4.518086757,0,1.058679253,FALSE
20.85,1,2.677067713,2.584255636,0.416343609,41.63436088,4.518086757,0,1.075303443,FALSE
20.9,0,2.649318183,2.590305441,0.417949832,41.79498317,4.518086757,0,1.10028144,FALSE
20.95,0,2.63486133,2.588043455,0.417914737,41.79147367,4.518086757,0,1.116994079,FALSE
21,1,2.657244195,2.583949927,0.417009224,41.70092236,4.518086757,0,1.14206908,FALSE
21.05,1,2.676356439,2.588155893,0.417323822,41.73238216,4.518086757,0,1.158752467,FALSE
21.1,0,2.665630824,2.597127439,0.419068219,41.90682186,4.518086757,0,1.183790848,FALSE
21.15,0,2.649061053,2.596923897,0.419506887,41.95068865,4.518086757,0,1.200547762,FALSE
21.2,1,2.653027116,2.591141628,0.418696623,41.86966231,4.518086757,0,1.225716713,FALSE
21.25,1,2.674693379,2.592736728,0.418488777,41.84887769,4.518086757,0,1.242467279,FALSE
21.3,0,2.68341773,2.602203797,0.419919985,41.99199855,4.518086757,0,1.267577298,FALSE
21.35,0,2.66401837,2.604786489,0.420851813,42.08518133,4.518086757,0,1.284369327,FALSE
21.4,1,2.646685423,2.600205387,0.420496237,42.04962368,4.518086757,0,1.30961733,FALSE
21.45,1,2.671798917,2.59828768,0.419882489,41.9882489,4.518086757,0,1.326438365,FALSE
21.5,1,2.699010811,2.605871626,0.420675422,42.06754224,4.518086757,0,1.35163336,FALSE
21.55,0,2.680041521,2.611323314,0.421913052,42.19130518,4.518086757,0,1.368457733,FALSE
21.6,0,2.656587293,2.609445545,0.422203685,42.22036853,4.518086757,0,1.393768391,FALSE
21.65,1,2.667295214,2.605197029,0.421513306,42.15133055,4.518086757,0,1.41065557,FALSE
21.7,1,2.697867414,2.609346202,0.421570329,42.15703293,4.518086757,0,1.435948669,FALSE
21.75,0,2.69754464,2.616120115,0.422708796,42.27087957,4.518086757,0,1.452811293,FALSE
21.8,0,2.670359169,2.617904519,0.423711373,42.37113733,4.518086757,0,1.478170025,FALSE
21.85,1,2.660672541,2.613983997,0.423257451,42.32574507,4.518086757,0,1.495115138,FALSE
21.9,1,2.695780742,2.613509739,0.422651659,42.26516587,4.518086757,0,1.520512098,FALSE
21.95,1,2.712859521,2.619513891,0.423409313,42.34093129,4.518086757,0,1.537420184,FALSE
22,0,2.684897064,2.625353942,0.424973502,42.49735017,4.518086757,0,1.562822217,FALSE
22.05,0,2.670298964,2.622952815,0.424910523,42.49105229,4.518086757,0,1.579815944,FALSE
22.1,1,2.692471009,2.61865161,0.423963392,42.39633916,4.518086757,0,1.605310785,FALSE
22.15,1,2.711443403,2.622719811,0.424250382,42.42503817,4.518086757,0,1.622272478,FALSE
22.2,0,2.700509054,2.631485735,0.425953572,42.59535723,4.518086757,0,1.647726544,FALSE
22.25,0,2.683800818,2.631145791,0.426364906,42.63649055,4.518086757,0,1.664759009,FALSE
22.3,1,2.687560212,2.625159934,0.425513843,42.55138434,4.518086757,0,1.690339533,FALSE
22.35,1,2.70908938,2.626619983,0.425278933,42.52789331,4.518086757,0,1.707362923,FALSE
22.4,0,2.717609108,2.635885479,0.426669747,42.66697467,4.518086757,0,1.732880442,FALSE
22.45,0,2.698074008,2.638334456,0.427574778,42.75747782,4.518086757,0,1.749942596,FALSE
22.5,1,2.680538463,2.633553776,0.427179206,42.71792064,4.518086757,0,1.775594066,FALSE
22.55,1,2.705517562,2.631503676,0.426538927,42.65389274,4.518086757,0,1.792682553,FALSE
22.6,1,2.732528862,2.638890018,0.427292261,42.72922614,4.518086757,0,1.818277023,FALSE
22.65,0,2.713426506,2.644210625,0.428503622,42.85036222,4.518086757,0,1.835366202,FALSE
22.7,0,2.689773669,2.642137208,0.428755048,42.8755048,4.518086757,0,1.861072382,FALSE
22.75,1,2.700349841,2.637758906,0.42803866,42.80386595,4.518086757,0,1.878221745,FALSE
22.8,1,2.730725398,2.641714367,0.428056864,42.80568637,4.518086757,0,1.903906453,FALSE
22.85,0,2.730272178,2.648359779,0.429169579,42.91695787,4.518086757,0,1.921028667,FALSE
22.9,0,2.70289201,2.649952388,0.430133721,43.01337209,4.518086757,0,1.946775132,FALSE
22.95,1,2.693076228,2.645904638,0.429654302,42.96543017,4.518086757,0,1.963977267,FALSE
23,1,2.727991657,2.645240482,0.429010455,42.90104545,4.518086757,0,1.989758124,FALSE
23.05,1,2.74494256,2.651118664,0.429742865,42.97428645,4.518086757,0,2.006920688,FALSE
23.1,0,2.71678924,2.656770697,0.431269375,43.12693747,4.518086757,0,2.032702819,TRUE
23.15,0,2.702064528,2.654244846,0.431181401,43.11814014,4.575386665,2.729477721,1.947639556,TRUE
23.2,1,2.724047598,2.649757483,0.430196964,43.01969644,4.662565139,2.544126135,1.815380525,TRUE
23.25,1,2.742894634,2.653702195,0.430459207,43.04592074,4.716561431,2.42888986,1.733152806,TRUE
23.3,0,2.731773181,2.662283803,0.432125461,43.21254614,4.791992868,2.267720201,1.618148971,TRUE
23.35,0,2.714940827,2.661821592,0.432512292,43.25122925,4.83889267,2.167645591,1.546739973,TRUE
23.4,1,2.718514968,2.655653243,0.431624659,43.16246592,4.904649373,2.027709682,1.446887643,TRUE
23.45,1,2.739921246,2.656992235,0.431365489,43.13654892,4.945677133,1.940703199,1.384803506,TRUE
23.5,0,2.748257554,2.666077045,0.432720094,43.27200936,5.003388766,1.818979925,1.29794694,TRUE
23.55,0,2.728600781,2.668406162,0.433601105,43.36011053,5.039512659,1.743402136,1.244017834,TRUE
23.6,1,2.710883631,2.663446584,0.433169683,43.31696827,5.090487748,1.63776611,1.168640446,TRUE
23.65,1,2.73574226,2.66127781,0.432505622,43.25056217,5.122495238,1.57209957,1.121783587,TRUE
23.7,1,2.762573752,2.668487025,0.43322346,43.32234595,5.167796215,1.480196964,1.056205785,TRUE
23.75,0,2.743352119,2.673690132,0.434411274,43.44112736,5.196324885,1.423118145,1.01547676,TRUE
23.8,0,2.719521253,2.67144134,0.434627555,43.46275545,5.236822506,1.343376258,0.958576331,TRUE
23.85,1,2.729979328,2.666946702,0.433887852,43.38878524,5.262403143,1.293834964,0.923225765,TRUE
23.9,1,2.760178617,2.670728524,0.433871259,43.38712595,5.298821559,1.224485515,0.873740938,FALSE
23.95,0,2.759608469,2.67725875,0.434960892,43.49608915,5.300782718,0,0.887014225,FALSE
24,0,2.732053778,2.678679438,0.435890581,43.58905809,5.300782718,0,0.913108247,FALSE
24.05,1,2.722122224,2.674517642,0.435388307,43.53883071,5.300782718,0,0.930540771,FALSE
24.1,1,2.756864858,2.673683266,0.434710348,43.47103481,5.300782718,0,0.956665744,FALSE
24.15,1,2.773701135,2.679448531,0.43542013,43.54201297,5.300782718,0,0.974056418,FALSE
24.2,0,2.745376729,2.684932028,0.436912866,43.69128655,5.300782718,0,1.000179259,FALSE
24.25,0,2.730538526,2.682294378,0.436802488,43.68024878,5.300782718,0,1.017650798,FALSE
24.3,1,2.752352203,2.677640147,0.435784611,43.57846107,5.300782718,0,1.043859315,FALSE
24.35,1,2.77108687,2.681474166,0.436024671,43.60246709,5.300782718,0,1.061294093,FALSE
24.4,0,2.7597977,2.689890557,0.437657816,43.76578157,5.300782718,0,1.087454773,FALSE
24.45,0,2.74285409,2.689318748,0.438022683,43.80226834,5.300782718,0,1.104955642,FALSE
24.5,1,2.746262173,2.682986817,0.437102269,43.71022686,5.300782718,0,1.131235786,FALSE
24.55,1,2.767558296,2.684217295,0.436821353,43.68213526,5.300782718,0,1.148722945,FALSE
24.6,0,2.77573019,2.693140142,0.4381435,43.81434998,5.300782718,0,1.174933163,FALSE
24.65,0,2.755964351,2.695361819,0.439002981,43.90029808,5.300782718,0,1.192454496,FALSE
24.7,1,2.738084414,2.690241881,0.438539422,43.85394222,5.300782718,0,1.218791809,FALSE
24.75,1,2.762835056,2.687966731,0.437854043,43.78540435,5.300782718,0,1.236334932,FALSE
24.8,1,2.789505373,2.695017172,0.438540063,43.85400633,5.300782718,0,1.262608459,FALSE
24.85,0,2.770176821,2.700114955,0.439706771,43.97067706,5.300782718,0,1.280147775,FALSE
24.9,0,2.746186374,2.697708961,0.439891548,43.98915484,5.300782718,0,1.306526292,FALSE
24.95,1,2.756538589,2.693110041,0.439130948,43.91309483,5.300782718,0,1.324121338,FALSE
25,1,2.786579877,2.696736216,0.439083164,43.9083164,5.300782718,0,1.35047173,FALSE
25.05,0,2.785904916,2.703163193,0.440152105,44.01521049,5.300782718,0,1.368035216,FALSE
25.1,0,2.758193786,2.704429774,0.441050912,44.10509115,5.300782718,0,1.394440779,FALSE
25.15,1,2.748158457,2.700165749,0.440528151,44.05281514,5.300782718,0,1.412079819,FALSE
25.2,1,2.7827462,2.699178791,0.439819615,43.98196152,5.300782718,0,1.438513251,FALSE
25.25,1,2.79947973,2.70484284,0.440509113,44.05091132,5.300782718,0,1.456108397,FALSE
25.3,0,2.771001965,2.710175266,0.441971574,44.19715744,5.300782718,0,1.482536646,FALSE
25.35,0,2.756062031,2.7074374,0.441841114,44.18411138,5.300782718,0,1.500210634,FALSE
25.4,1,2.777723867,2.702633592,0.440793262,44.07932616,5.300782718,0,1.526721536,FALSE
25.45,1,2.79635781,2.706368388,0.441013438,44.10134377,5.300782718,0,1.544356759,FALSE
25.5,0,2.784918301,2.714636682,0.442616904,44.26169041,5.300782718,0,1.570816831,FALSE
25.55,0,2.767874963,2.713966632,0.442962084,44.29620844,5.300782718,0,1.588516163,FALSE
25.6,1,2.771134196,2.70748807,0.442012285,44.20122849,5.300782718,0,1.615092737,FALSE
25.65,1,2.792331578,2.708621278,0.441711876,44.17118762,5.300782718,0,1.632776395,FALSE
25.7,0,2.800356094,2.717398945,0.443004929,44.30049295,5.300782718,0,1.659280108,FALSE
25.75,0,2.780492491,2.719524315,0.443845111,44.38451107,5.300782718,0,1.676995995,FALSE
25.8,1,2.762466635,2.714260633,0.443352746,44.33527461,5.300782718,0,1.703623901,FALSE
25.85,1,2.787120481,2.71189013,0.442648259,44.26482585,5.300782718,0,1.721359653,FALSE
25.9,1,2.813646322,2.718798249,0.443305757,44.33057574,5.300782718,0,1.747920896,FALSE
25.95,0,2.794221932,2.723801622,0.444453545,44.4453545,5.300782718,0,1.765650935,FALSE
26,0,2.770088439,2.721254715,0.444610084,44.46100841,5.300782718,0,1.792314322,FALSE
26.05,1,2.780345764,2.716562319,0.443830752,44.38307515,5.300782718,0,1.810098203,FALSE
26.1,1,2.810245421,2.720048975,0.443755008,44.37550079,5.300782718,0,1.836730646,FALSE
26.15,0,2.809476509,2.726383401,0.444805402,44.48054017,5.300782718,0,1.854481099,FALSE
26.2,0,2.781625151,2.727511844,0.445676526,44.56765256,5.300782718,0,1.881165922,FALSE
26.25,1,2.7714968,2.723156184,0.445135402,44.51354019,5.300782718,0,1.898990079,FALSE
26.3,1,2.805945703,2.722032455,0.444399457,44.4399457,5.300782718,0,1.925700007,FALSE
26.35,1,2.82258713,2.727605775,0.445070773,44.50707731,5.300782718,0,1.943478438,FALSE
26.4,0,2.793971899,2.732802783,0.446506097,44.65060969,5.300782718,0,1.970180447,FALSE
26.45,0,2.778940774,2.729975087,0.446357634,44.63576343,5.300782718,0,1.988035906,FALSE
26.5,1,2.800466504,2.725037202,0.445282913,44.52829132,5.300782718,0,2.014817859,FALSE
26.55,1,2.819010159,2.728683056,0.445485265,44.54852654,5.300782718,0,2.032632758,FALSE
26.6,0,2.807435891,2.736818599,0.447062129,44.70621287,5.300782718,0,2.0593612,TRUE
26.65,0,2.790303158,2.736060487,0.447389662,44.73896616,5.350349794,2.765826599,1.973576574,TRUE
26.7,1,2.793428965,2.729450488,0.446413522,44.64135222,5.426089627,2.578848937,1.840157244,TRUE
26.75,1,2.814537837,2.730496506,0.446095641,44.60956408,5.473194372,2.46260376,1.757209614,TRUE
26.8,0,2.822430248,2.739144036,0.447362615,44.73626148,5.53923981,2.299978689,1.64116726,TRUE
26.85,0,2.802479011,2.741183079,0.448185496,44.81854962,5.580442717,2.198977925,1.569097398,TRUE
26.9,1,2.784322356,2.735790548,0.44766731,44.76673104,5.638388273,2.057777274,1.468342601,TRUE
26.95,1,2.808889435,2.733334571,0.446945694,44.69456942,5.67464585,1.97000459,1.405711736,TRUE
27,1,2.835285772,2.740115117,0.447577627,44.75776274,5.725780768,1.847176723,1.318066979,TRUE
27.05,0,2.815775474,2.745033863,0.448708456,44.87084558,5.75786629,1.770874937,1.26362126,TRUE
27.1,0,2.791513758,2.742360644,0.448839682,44.88396822,5.803244101,1.664240595,1.187531515,TRUE
27.15,1,2.801686025,2.737584458,0.448043558,44.80435583,5.831797863,1.597982565,1.140252594,TRUE
27.2,1,2.831458728,2.740946052,0.447942752,44.79427525,5.87229144,1.505246222,1.074079873,TRUE
27.25,0,2.8306056,2.747197517,0.448976521,44.8976521,5.897840893,1.447607881,1.032951597,TRUE
27.3,0,2.802628544,2.748202136,0.449822831,44.98228308,5.93417261,1.367066271,0.975480519,TRUE
27.35,1,2.79241681,2.743764337,0.449265246,44.92652464,5.957160342,1.317059105,0.939797526,TRUE
27.4,1,2.826741258,2.742518009,0.448504733,44.85047328,5.989939975,1.247076052,0.889860588,FALSE
27.45,1,2.843300128,2.748010002,0.449159751,44.91597511,5.991706929,0,0.903646392,FALSE
27.5,0,2.814561674,2.753085624,0.450570749,45.05707494,5.991706929,0,0.930593793,FALSE
27.55,0,2.799448809,2.750177406,0.45040615,45.04061502,5.991706929,0,0.94861192,FALSE
27.6,1,2.820852535,2.745119336,0.449307344,44.93073443,5.991706929,0,0.975636838,FALSE
27.65,1,2.839315258,2.748685464,0.44949372,44.94937196,5.991706929,0,0.993612794,FALSE
27.7,0,2.827620194,2.756702012,0.451046736,45.10467365,5.991706929,0,1.020581796,FALSE
27.75,0,2.810407331,2.755864964,0.451358451,45.13584506,5.991706929,0,1.038618489,FALSE
27.8,1,2.813413537,2.749137147,0.450358701,45.03587007,5.991706929,0,1.065698957,FALSE
27.85,1,2.834443071,2.750105009,0.450025157,45.0025157,5.991706929,0,1.083716637,FALSE
27.9,0,2.842217064,2.758635887,0.451268754,45.12687542,5.991706929,0,1.110719259,FALSE
27.95,0,2.822187274,2.760597548,0.452076128,45.20761283,5.991706929,0,1.128765863,FALSE
28,1,2.803913374,2.75508952,0.451534797,45.1534797,5.991706929,0,1.15588774,FALSE
28.05,1,2.828402677,2.752556927,0.450797827,45.07978269,5.991706929,0,1.173950936,FALSE
28.1,1,2.854682929,2.759223118,0.451406844,45.14068436,5.991706929,0,1.201001262,FALSE
28.15,0,2.835095624,2.764066005,0.45252247,45.25224702,5.991706929,0,1.219055506,FALSE
28.2,0,2.810718972,2.761279563,0.452631007,45.26310068,5.991706929,0,1.246203136,FALSE
28.25,1,2.820814995,2.75642827,0.451819831,45.18198314,5.991706929,0,1.264308014,FALSE
28.3,1,2.850473899,2.759677761,0.45169656,45.16965604,5.991706929,0,1.291419908,FALSE
28.35,0,2.849545281,2.765854862,0.452715426,45.27154265,5.991706929,0,1.309488181,FALSE
28.4,0,2.821455552,2.766748488,0.453539493,45.35394933,5.991706929,0,1.336647711,FALSE
28.45,1,2.811169076,2.76223706,0.452967154,45.29671539,5.991706929,0,1.354786543,FALSE
28.5,1,2.845381966,2.760880837,0.452184618,45.21846175,5.991706929,0,1.38196648,FALSE
28.55,1,2.861866833,2.76629993,0.452825027,45.28250268,5.991706929,0,1.400056474,FALSE
28.6,0,2.833017924,2.771266745,0.45421422,45.42142201,5.991706929,0,1.42722384,FALSE
28.65,0,2.817831788,2.768286348,0.454035156,45.40351565,5.991706929,0,1.445387779,FALSE
28.7,1,2.839126154,2.763120547,0.452914761,45.29147614,5.991706929,0,1.472630485,FALSE
28.75,1,2.857516331,2.766615211,0.453086815,45.30868154,5.991706929,0,1.49075081,FALSE
28.8,0,2.845712988,2.774525094,0.454618457,45.46184568,5.991706929,0,1.517935445,FALSE
28.85,0,2.828428296,2.773617288,0.454915991,45.49159912,5.991706929,0,1.536115078,FALSE
28.9,1,2.831327295,2.766783862,0.453895077,45.38950774,5.991706929,0,1.563409046,FALSE
28.95,1,2.852285712,2.767681668,0.453547494,45.35474944,5.991706929,0,1.581568252,FALSE
29,0,2.859953558,2.776107981,0.454770137,45.47701371,5.991706929,0,1.60878226,FALSE
29.05,0,2.839853355,2.778000279,0.455563611,45.55636108,5.991706929,0,1.62696899,FALSE
29.1,1,2.821474359,2.77238872,0.455001532,45.50015322,5.991706929,0,1.654300162,FALSE
29.15,1,2.845893945,2.76978745,0.454250799,45.42507993,5.991706929,0,1.672502097,FALSE
29.2,1,2.872070141,2.776351136,0.454839274,45.48392742,5.991706929,0,1.699759647,FALSE
29.25,0,2.852413809,2.781126026,0.455941274,45.59412741,5.991706929,0,1.717951257,FALSE
29.3,0,2.827934131,2.778238093,0.456029472,45.60294721,5.991706929,0,1.74530406,FALSE
29.35,1,2.837961809,2.773319475,0.455204805,45.52048049,5.991706929,0,1.763544945,FALSE
29.4,1,2.867518707,2.77646848,0.455061397,45.50613965,5.991706929,0,1.790859982,FALSE
29.45,0,2.866522421,2.782578922,0.456066904,45.60669043,5.991706929,0,1.809062916,FALSE
29.5,0,2.838331694,2.783373055,0.456871033,45.6871033,5.991706929,0,1.836423578,FALSE
29.55,1,2.82797822,2.778795628,0.456285467,45.62854674,5.991706929,0,1.854695739,FALSE
29.6,1,2.862091112,2.777340897,0.45548319,45.54831903,5.991706929,0,1.882074819,FALSE
29.65,1,2.878509644,2.782694644,0.456110504,45.61105043,5.991706929,0,1.900296821,FALSE
29.7,0,2.849561727,2.787563926,0.457480152,45.74801522,5.991706929,0,1.92766136,FALSE
29.75,0,2.834309912,2.78451883,0.457288123,45.72881229,5.991706929,0,1.945956001,FALSE
29.8,1,2.855506249,2.779256461,0.456148376,45.61483758,5.991706929,0,1.973393928,FALSE
29.85,1,2.873831397,2.782687066,0.456307592,45.63075925,5.991706929,0,1.991643663,FALSE
29.9,0,2.861930995,2.790501337,0.457820073,45.78200733,5.991706929,0,2.019021587,FALSE
29.95,0,2.844581919,2.789530106,0.458104897,45.81048974,5.991706929,0,2.037329349,FALSE
