x,sine,cosine,sin(2t),2sin(t+1)-3cos(t-1)
0,0,1,0,0.062035052
0.196349541,0.195090322,0.98078528,0.382683432,-0.220829969
0.392699082,0.382683432,0.923879533,0.707106781,-0.495208617
0.589048623,0.555570233,0.831469612,0.923879533,-0.750556677
0.785398163,0.707106781,0.707106781,1,-0.977061264
0.981747704,0.831469612,0.555570233,0.923879533,-1.166017935
1.178097245,0.923879533,0.382683432,0.707106781,-1.31016519
1.374446786,0.98078528,0.195090322,0.382683432,-1.403963532
1.570796327,1,6.12574E-17,1.22515E-16,-1.443808343
1.767145868,0.98078528,-0.195090322,-0.382683432,-1.428168409
1.963495408,0.923879533,-0.382683432,-0.707106781,-1.357644763
2.159844949,0.831469612,-0.555570233,-0.923879533,-1.234947591
2.35619449,0.707106781,-0.707106781,-1,-1.064792076
2.552544031,0.555570233,-0.831469612,-0.923879533,-0.853717198
2.748893572,0.382683432,-0.923879533,-0.707106781,-0.609834447
2.945243113,0.195090322,-0.98078528,-0.382683432,-0.3425161
3.141592654,-7.65664E-16,-1,1.53133E-15,-0.062035052
3.337942194,-0.195090322,-0.98078528,0.382683432,0.220829969
3.534291735,-0.382683432,-0.923879533,0.707106781,0.495208617
3.730641276,-0.555570233,-0.831469612,0.923879533,0.750556677
3.926990817,-0.707106781,-0.707106781,1,0.977061264
4.123340358,-0.831469612,-0.555570233,0.923879533,1.166017935
4.319689899,-0.923879533,-0.382683432,0.707106781,1.31016519
4.51603944,-0.98078528,-0.195090322,0.382683432,1.403963532
4.71238898,-1,2.48076E-15,-4.96153E-15,1.443808343
4.908738521,-0.98078528,0.195090322,-0.382683432,1.428168409
5.105088062,-0.923879533,0.382683432,-0.707106781,1.357644763
5.301437603,-0.831469612,0.555570233,-0.923879533,1.234947591
5.497787144,-0.707106781,0.707106781,-1,1.064792076
5.694136685,-0.555570233,0.831469612,-0.923879533,0.853717198
5.890486225,-0.382683432,0.923879533,-0.707106781,0.609834447
6.086835766,-0.195090322,0.98078528,-0.382683432,0.3425161
6.283185307,4.19586E-15,1,8.39172E-15,0.062035052
6.479534848,0.195090322,0.98078528,0.382683432,-0.220829969
6.675884389,0.382683432,0.923879533,0.707106781,-0.495208617
6.87223393,0.555570233,0.831469612,0.923879533,-0.750556677
7.068583471,0.707106781,0.707106781,1,-0.977061264
7.264933011,0.831469612,0.555570233,0.923879533,-1.166017935
7.461282552,0.923879533,0.382683432,0.707106781,-1.31016519
7.657632093,0.98078528,0.195090322,0.382683432,-1.403963532
7.853981634,1,-5.91096E-15,-1.18219E-14,-1.443808343
8.050331175,0.98078528,-0.195090322,-0.382683432,-1.428168409
8.246680716,0.923879533,-0.382683432,-0.707106781,-1.357644763
8.443030257,0.831469612,-0.555570233,-0.923879533,-1.234947591
8.639379797,0.707106781,-0.707106781,-1,-1.064792076
8.835729338,0.555570233,-0.831469612,-0.923879533,-0.853717198
9.032078879,0.382683432,-0.923879533,-0.707106781,-0.609834447
9.22842842,0.195090322,-0.98078528,-0.382683432,-0.3425161
9.424777961,-1.40881E-15,-1,2.81762E-15,-0.062035052
9.621127502,-0.195090322,-0.98078528,0.382683432,0.220829969
9.817477042,-0.382683432,-0.923879533,0.707106781,0.495208617
10.01382658,-0.555570233,-0.831469612,0.923879533,0.750556677
10.21017612,-0.707106781,-0.707106781,1,0.977061264
10.40652567,-0.831469612,-0.555570233,0.923879533,1.166017935
10.60287521,-0.923879533,-0.382683432,0.707106781,1.31016519
10.79922475,-0.98078528,-0.195090322,0.382683432,1.403963532
10.99557429,-1,-3.98152E-15,7.96303E-15,1.443808343
11.19192383,-0.98078528,0.195090322,-0.382683432,1.428168409
11.38827337,-0.923879533,0.382683432,-0.707106781,1.357644763
11.58462291,-0.831469612,0.555570233,-0.923879533,1.234947591
11.78097245,-0.707106781,0.707106781,-1,1.064792076
11.97732199,-0.555570233,0.831469612,-0.923879533,0.853717198
12.17367153,-0.382683432,0.923879533,-0.707106781,0.609834447
12.37002107,-0.195090322,0.98078528,-0.382683432,0.3425161
12.56637061,-9.37184E-15,1,-1.87437E-14,0.062035052
12.76272016,0.195090322,0.98078528,0.382683432,-0.220829969
12.9590697,0.382683432,0.923879533,0.707106781,-0.495208617
13.15541924,0.555570233,0.831469612,0.923879533,-0.750556677
13.35176878,0.707106781,0.707106781,1,-0.977061264
13.54811832,0.831469612,0.555570233,0.923879533,-1.166017935
13.74446786,0.923879533,0.382683432,0.707106781,-1.31016519
13.9408174,0.98078528,0.195090322,0.382683432,-1.403963532
14.13716694,1,1.47622E-14,2.95243E-14,-1.443808343
14.33351648,0.98078528,-0.195090322,-0.382683432,-1.428168409
14.52986602,0.923879533,-0.382683432,-0.707106781,-1.357644763
14.72621556,0.831469612,-0.555570233,-0.923879533,-1.234947591
14.9225651,0.707106781,-0.707106781,-1,-1.064792076
15.11891465,0.555570233,-0.831469612,-0.923879533,-0.853717198
15.31526419,0.382683432,-0.923879533,-0.707106781,-0.609834447
15.51161373,0.195090322,-0.98078528,-0.382683432,-0.3425161
15.70796327,2.01525E-14,-1,-4.0305E-14,-0.062035052
15.90431281,-0.195090322,-0.98078528,0.382683432,0.220829969
16.10066235,-0.382683432,-0.923879533,0.707106781,0.495208617
16.29701189,-0.555570233,-0.831469612,0.923879533,0.750556677
16.49336143,-0.707106781,-0.707106781,1,0.977061264
16.68971097,-0.831469612,-0.555570233,0.923879533,1.166017935
16.88606051,-0.923879533,-0.382683432,0.707106781,1.31016519
17.08241005,-0.98078528,-0.195090322,0.382683432,1.403963532
17.27875959,-1,-2.37665E-14,4.75329E-14,1.443808343
17.47510914,-0.98078528,0.195090322,-0.382683432,1.428168409
17.67145868,-0.923879533,0.382683432,-0.707106781,1.357644763
17.86780822,-0.831469612,0.555570233,-0.923879533,1.234947591
18.06415776,-0.707106781,0.707106781,-1,1.064792076
18.2605073,-0.555570233,0.831469612,-0.923879533,0.853717198
18.45685684,-0.382683432,0.923879533,-0.707106781,0.609834447
18.65320638,-0.195090322,0.98078528,-0.382683432,0.3425161
18.84955592,-2.91568E-14,1,-5.83136E-14,0.062035052
19.04590546,0.195090322,0.98078528,0.382683432,-0.220829969
19.242255,0.382683432,0.923879533,0.707106781,-0.495208617
19.43860454,0.555570233,0.831469612,0.923879533,-0.750556677
19.63495408,0.707106781,0.707106781,1,-0.977061264
19.83130363,0.831469612,0.555570233,0.923879533,-1.166017935
20.02765317,0.923879533,0.382683432,0.707106781,-1.31016519
20.22400271,0.98078528,0.195090322,0.382683432,-1.403963532
20.42035225,1,3.45471E-14,6.90943E-14,-1.443808343
20.61670179,0.98078528,-0.195090322,-0.382683432,-1.428168409
20.81305133,0.923879533,-0.382683432,-0.707106781,-1.357644763
21.00940087,0.831469612,-0.555570233,-0.923879533,-1.234947591
21.20575041,0.707106781,-0.707106781,-1,-1.064792076
21.40209995,0.555570233,-0.831469612,-0.923879533,-0.853717198
21.59844949,0.382683432,-0.923879533,-0.707106781,-0.609834447
21.79479903,0.195090322,-0.98078528,-0.382683432,-0.3425161
21.99114858,3.99375E-14,-1,-7.98749E-14,-0.062035052
22.18749812,-0.195090322,-0.98078528,0.382683432,0.220829969
22.38384766,-0.382683432,-0.923879533,0.707106781,0.495208617
22.5801972,-0.555570233,-0.831469612,0.923879533,0.750556677
22.77654674,-0.707106781,-0.707106781,1,0.977061264
22.97289628,-0.831469612,-0.555570233,0.923879533,1.166017935
23.16924582,-0.923879533,-0.382683432,0.707106781,1.31016519
23.36559536,-0.98078528,-0.195090322,0.382683432,1.403963532
23.5619449,-1,-4.53278E-14,9.06556E-14,1.443808343
23.75829444,-0.98078528,0.195090322,-0.382683432,1.428168409
23.95464398,-0.923879533,0.382683432,-0.707106781,1.357644763
24.15099352,-0.831469612,0.555570233,-0.923879533,1.234947591
24.34734307,-0.707106781,0.707106781,-1,1.064792076
24.54369261,-0.555570233,0.831469612,-0.923879533,0.853717198
24.74004215,-0.382683432,0.923879533,-0.707106781,0.609834447
24.93639169,-0.195090322,0.98078528,-0.382683432,0.3425161
25.13274123,-5.07181E-14,1,-1.01436E-13,0.062035052
25.32909077,0.195090322,0.98078528,0.382683432,-0.220829969
25.52544031,0.382683432,0.923879533,0.707106781,-0.495208617
25.72178985,0.555570233,0.831469612,0.923879533,-0.750556677
25.91813939,0.707106781,0.707106781,1,-0.977061264
26.11448893,0.831469612,0.555570233,0.923879533,-1.166017935
26.31083847,0.923879533,0.382683432,0.707106781,-1.31016519
26.50718801,0.98078528,0.195090322,0.382683432,-1.403963532
26.70353756,1,5.61084E-14,1.12217E-13,-1.443808343
26.8998871,0.98078528,-0.195090322,-0.382683432,-1.428168409
27.09623664,0.923879533,-0.382683432,-0.707106781,-1.357644763
27.29258618,0.831469612,-0.555570233,-0.923879533,-1.234947591
27.48893572,0.707106781,-0.707106781,-1,-1.064792076
27.68528526,0.555570233,-0.831469612,-0.923879533,-0.853717198
27.8816348,0.382683432,-0.923879533,-0.707106781,-0.609834447
28.07798434,0.195090322,-0.98078528,-0.382683432,-0.3425161
28.27433388,6.14988E-14,-1,-1.22998E-13,-0.062035052
28.47068342,-0.195090322,-0.98078528,0.382683432,0.220829969
28.66703296,-0.382683432,-0.923879533,0.707106781,0.495208617
28.8633825,-0.555570233,-0.831469612,0.923879533,0.750556677
29.05973205,-0.707106781,-0.707106781,1,0.977061264
29.25608159,-0.831469612,-0.555570233,0.923879533,1.166017935
29.45243113,-0.923879533,-0.382683432,0.707106781,1.31016519
29.64878067,-0.98078528,-0.195090322,0.382683432,1.403963532
29.84513021,-1,-6.68891E-14,1.33778E-13,1.443808343
30.04147975,-0.98078528,0.195090322,-0.382683432,1.428168409
30.23782929,-0.923879533,0.382683432,-0.707106781,1.357644763
30.43417883,-0.831469612,0.555570233,-0.923879533,1.234947591
30.63052837,-0.707106781,0.707106781,-1,1.064792076
30.82687791,-0.555570233,0.831469612,-0.923879533,0.853717198
31.02322745,-0.382683432,0.923879533,-0.707106781,0.609834447
31.219577,-0.195090322,0.98078528,-0.382683432,0.3425161
31.41592654,-7.22794E-14,1,-1.44559E-13,0.062035052
31.61227608,0.195090322,0.98078528,0.382683432,-0.220829969
31.80862562,0.382683432,0.923879533,0.707106781,-0.495208617
32.00497516,0.555570233,0.831469612,0.923879533,-0.750556677
32.2013247,0.707106781,0.707106781,1,-0.977061264
32.39767424,0.831469612,0.555570233,0.923879533,-1.166017935
32.59402378,0.923879533,0.382683432,0.707106781,-1.31016519
32.79037332,0.98078528,0.195090322,0.382683432,-1.403963532
32.98672286,1,7.76697E-14,1.55339E-13,-1.443808343
33.1830724,0.98078528,-0.195090322,-0.382683432,-1.428168409
33.37942194,0.923879533,-0.382683432,-0.707106781,-1.357644763
33.57577149,0.831469612,-0.555570233,-0.923879533,-1.234947591
33.77212103,0.707106781,-0.707106781,-1,-1.064792076
33.96847057,0.555570233,-0.831469612,-0.923879533,-0.853717198
34.16482011,0.382683432,-0.923879533,-0.707106781,-0.609834447
34.36116965,0.195090322,-0.98078528,-0.382683432,-0.3425161
34.55751919,8.30601E-14,-1,-1.6612E-13,-0.062035052
34.75386873,-0.195090322,-0.98078528,0.382683432,0.220829969
34.95021827,-0.382683432,-0.923879533,0.707106781,0.495208617
35.14656781,-0.555570233,-0.831469612,0.923879533,0.750556677
35.34291735,-0.707106781,-0.707106781,1,0.977061264
35.53926689,-0.831469612,-0.555570233,0.923879533,1.166017935
35.73561643,-0.923879533,-0.382683432,0.707106781,1.31016519
35.93196598,-0.98078528,-0.195090322,0.382683432,1.403963532
36.12831552,-1,-8.84504E-14,1.76901E-13,1.443808343
36.32466506,-0.98078528,0.195090322,-0.382683432,1.428168409
36.5210146,-0.923879533,0.382683432,-0.707106781,1.357644763
36.71736414,-0.831469612,0.555570233,-0.923879533,1.234947591
36.91371368,-0.707106781,0.707106781,-1,1.064792076
37.11006322,-0.555570233,0.831469612,-0.923879533,0.853717198
37.30641276,-0.382683432,0.923879533,-0.707106781,0.609834447
37.5027623,-0.195090322,0.98078528,-0.382683432,0.3425161
37.69911184,-9.38407E-14,1,-1.87681E-13,0.062035052
37.89546138,0.195090322,0.98078528,0.382683432,-0.220829969
38.09181092,0.382683432,0.923879533,0.707106781,-0.495208617
38.28816047,0.555570233,0.831469612,0.923879533,-0.750556677
38.48451001,0.707106781,0.707106781,1,-0.977061264
38.68085955,0.831469612,0.555570233,0.923879533,-1.166017935
38.87720909,0.923879533,0.382683432,0.707106781,-1.31016519
39.07355863,0.98078528,0.195090322,0.382683432,-1.403963532
39.26990817,1,9.92311E-14,1.98462E-13,-1.443808343
39.46625771,0.98078528,-0.195090322,-0.382683432,-1.428168409
39.66260725,0.923879533,-0.382683432,-0.707106781,-1.357644763
39.85895679,0.831469612,-0.555570233,-0.923879533,-1.234947591
40.05530633,0.707106781,-0.707106781,-1,-1.064792076
40.25165587,0.555570233,-0.831469612,-0.923879533,-0.853717198
40.44800541,0.382683432,-0.923879533,-0.707106781,-0.609834447
40.64435496,0.195090322,-0.98078528,-0.382683432,-0.3425161
40.8407045,1.04621E-13,-1,-2.09243E-13,-0.062035052
41.03705404,-0.195090322,-0.98078528,0.382683432,0.220829969
41.23340358,-0.382683432,-0.923879533,0.707106781,0.495208617
41.42975312,-0.555570233,-0.831469612,0.923879533,0.750556677
41.62610266,-0.707106781,-0.707106781,1,0.977061264
41.8224522,-0.831469612,-0.555570233,0.923879533,1.166017935
42.01880174,-0.923879533,-0.382683432,0.707106781,1.31016519
42.21515128,-0.98078528,-0.195090322,0.382683432,1.403963532
42.41150082,-1,-1.10012E-13,2.20023E-13,1.443808343
42.60785036,-0.98078528,0.195090322,-0.382683432,1.428168409
42.80419991,-0.923879533,0.382683432,-0.707106781,1.357644763
43.00054945,-0.831469612,0.555570233,-0.923879533,1.234947591
43.19689899,-0.707106781,0.707106781,-1,1.064792076
43.39324853,-0.555570233,0.831469612,-0.923879533,0.853717198
43.58959807,-0.382683432,0.923879533,-0.707106781,0.609834447
43.78594761,-0.195090322,0.98078528,-0.382683432,0.3425161
43.98229715,-1.15402E-13,1,-2.30804E-13,0.062035052
44.17864669,0.195090322,0.98078528,0.382683432,-0.220829969
44.37499623,0.382683432,0.923879533,0.707106781,-0.495208617
44.57134577,0.555570233,0.831469612,0.923879533,-0.750556677
44.76769531,0.707106781,0.707106781,1,-0.977061264
44.96404485,0.831469612,0.555570233,0.923879533,-1.166017935
45.1603944,0.923879533,0.382683432,0.707106781,-1.31016519
45.35674394,0.98078528,0.195090322,0.382683432,-1.403963532
45.55309348,1,1.20792E-13,2.41585E-13,-1.443808343
45.74944302,0.98078528,-0.195090322,-0.382683432,-1.428168409
45.94579256,0.923879533,-0.382683432,-0.707106781,-1.357644763
46.1421421,0.831469612,-0.555570233,-0.923879533,-1.234947591
46.33849164,0.707106781,-0.707106781,-1,-1.064792076
46.53484118,0.555570233,-0.831469612,-0.923879533,-0.853717198
46.73119072,0.382683432,-0.923879533,-0.707106781,-0.609834447
46.92754026,0.195090322,-0.98078528,-0.382683432,-0.3425161
47.1238898,1.26183E-13,-1,-2.52365E-13,-0.062035052
47.32023934,-0.195090322,-0.98078528,0.382683432,0.220829969
47.51658889,-0.382683432,-0.923879533,0.707106781,0.495208617
47.71293843,-0.555570233,-0.831469612,0.923879533,0.750556677
47.90928797,-0.707106781,-0.707106781,1,0.977061264
48.10563751,-0.831469612,-0.555570233,0.923879533,1.166017935
48.30198705,-0.923879533,-0.382683432,0.707106781,1.31016519
48.49833659,-0.98078528,-0.195090322,0.382683432,1.403963532
48.69468613,-1,-1.31573E-13,2.63146E-13,1.443808343
48.89103567,-0.98078528,0.195090322,-0.382683432,1.428168409
49.08738521,-0.923879533,0.382683432,-0.707106781,1.357644763
49.28373475,-0.831469612,0.555570233,-0.923879533,1.234947591
49.48008429,-0.707106781,0.707106781,-1,1.064792076
49.67643383,-0.555570233,0.831469612,-0.923879533,0.853717198
49.87278338,-0.382683432,0.923879533,-0.707106781,0.609834447
50.06913292,-0.195090322,0.98078528,-0.382683432,0.3425161
50.26548246,-1.36963E-13,1,-2.73927E-13,0.062035052
50.461832,0.195090322,0.98078528,0.382683432,-0.220829969
50.65818154,0.382683432,0.923879533,0.707106781,-0.495208617
50.85453108,0.555570233,0.831469612,0.923879533,-0.750556677
51.05088062,0.707106781,0.707106781,1,-0.977061264
51.24723016,0.831469612,0.555570233,0.923879533,-1.166017935
51.4435797,0.923879533,0.382683432,0.707106781,-1.31016519
51.63992924,0.98078528,0.195090322,0.382683432,-1.403963532
51.83627878,1,1.42354E-13,2.84707E-13,-1.443808343
52.03262833,0.98078528,-0.195090322,-0.382683432,-1.428168409
52.22897787,0.923879533,-0.382683432,-0.707106781,-1.357644763
52.42532741,0.831469612,-0.555570233,-0.923879533,-1.234947591
52.62167695,0.707106781,-0.707106781,-1,-1.064792076
52.81802649,0.555570233,-0.831469612,-0.923879533,-0.853717198
53.01437603,0.382683432,-0.923879533,-0.707106781,-0.609834447
53.21072557,0.195090322,-0.98078528,-0.382683432,-0.3425161
53.40707511,1.47744E-13,-1,-2.95488E-13,-0.062035052
53.60342465,-0.195090322,-0.98078528,0.382683432,0.220829969
53.79977419,-0.382683432,-0.923879533,0.707106781,0.495208617
53.99612373,-0.555570233,-0.831469612,0.923879533,0.750556677
54.19247327,-0.707106781,-0.707106781,1,0.977061264
54.38882282,-0.831469612,-0.555570233,0.923879533,1.166017935
54.58517236,-0.923879533,-0.382683432,0.707106781,1.31016519
54.7815219,-0.98078528,-0.195090322,0.382683432,1.403963532
54.97787144,-1,-1.53134E-13,3.06269E-13,1.443808343
55.17422098,-0.98078528,0.195090322,-0.382683432,1.428168409
55.37057052,-0.923879533,0.382683432,-0.707106781,1.357644763
55.56692006,-0.831469612,0.555570233,-0.923879533,1.234947591
55.7632696,-0.707106781,0.707106781,-1,1.064792076
55.95961914,-0.555570233,0.831469612,-0.923879533,0.853717198
56.15596868,-0.382683432,0.923879533,-0.707106781,0.609834447
56.35231822,-0.195090322,0.98078528,-0.382683432,0.3425161
56.54866776,-1.58525E-13,1,-3.17049E-13,0.062035052
56.74501731,0.195090322,0.98078528,0.382683432,-0.220829969
56.94136685,0.382683432,0.923879533,0.707106781,-0.495208617
57.13771639,0.555570233,0.831469612,0.923879533,-0.750556677
57.33406593,0.707106781,0.707106781,1,-0.977061264
57.53041547,0.831469612,0.555570233,0.923879533,-1.166017935
57.72676501,0.923879533,0.382683432,0.707106781,-1.31016519
57.92311455,0.98078528,0.195090322,0.382683432,-1.403963532
58.11946409,1,1.63915E-13,3.2783E-13,-1.443808343
58.31581363,0.98078528,-0.195090322,-0.382683432,-1.428168409
58.51216317,0.923879533,-0.382683432,-0.707106781,-1.357644763
58.70851271,0.831469612,-0.555570233,-0.923879533,-1.234947591
58.90486225,0.707106781,-0.707106781,-1,-1.064792076
59.1012118,0.555570233,-0.831469612,-0.923879533,-0.853717198
59.29756134,0.382683432,-0.923879533,-0.707106781,-0.609834447
59.49391088,0.195090322,-0.98078528,-0.382683432,-0.3425161
59.69026042,1.69305E-13,-1,-3.38611E-13,-0.062035052
59.88660996,-0.195090322,-0.98078528,0.382683432,0.220829969
60.0829595,-0.382683432,-0.923879533,0.707106781,0.495208617
60.27930904,-0.555570233,-0.831469612,0.923879533,0.750556677
60.47565858,-0.707106781,-0.707106781,1,0.977061264
60.67200812,-0.831469612,-0.555570233,0.923879533,1.166017935
60.86835766,-0.923879533,-0.382683432,0.707106781,1.31016519
61.0647072,-0.98078528,-0.195090322,0.382683432,1.403963532
61.26105675,-1,-1.74696E-13,3.49391E-13,1.443808343
61.45740629,-0.98078528,0.195090322,-0.382683432,1.428168409
61.65375583,-0.923879533,0.382683432,-0.707106781,1.357644763
61.85010537,-0.831469612,0.555570233,-0.923879533,1.234947591
62.04645491,-0.707106781,0.707106781,-1,1.064792076
62.24280445,-0.555570233,0.831469612,-0.923879533,0.853717198
62.43915399,-0.382683432,0.923879533,-0.707106781,0.609834447
62.63550353,-0.195090322,0.98078528,-0.382683432,0.3425161
62.83185307,-1.80086E-13,1,-3.60172E-13,0.062035052
63.02820261,0.195090322,0.98078528,0.382683432,-0.220829969
63.22455215,0.382683432,0.923879533,0.707106781,-0.495208617
63.42090169,0.555570233,0.831469612,0.923879533,-0.750556677
63.61725124,0.707106781,0.707106781,1,-0.977061264
63.81360078,0.831469612,0.555570233,0.923879533,-1.166017935
64.00995032,0.923879533,0.382683432,0.707106781,-1.31016519
64.20629986,0.98078528,0.195090322,0.382683432,-1.403963532
64.4026494,1,1.6416E-13,3.2832E-13,-1.443808343
64.59899894,0.98078528,-0.195090322,-0.382683432,-1.428168409
64.79534848,0.923879533,-0.382683432,-0.707106781,-1.357644763
64.99169802,0.831469612,-0.555570233,-0.923879533,-1.234947591
65.18804756,0.707106781,-0.707106781,-1,-1.064792076
65.3843971,0.555570233,-0.831469612,-0.923879533,-0.853717198
65.58074664,0.382683432,-0.923879533,-0.707106781,-0.609834447
65.77709618,0.195090322,-0.98078528,-0.382683432,-0.3425161
65.97344573,1.12707E-13,-1,-2.25414E-13,-0.062035052
66.16979527,-0.195090322,-0.98078528,0.382683432,0.220829969
66.36614481,-0.382683432,-0.923879533,0.707106781,0.495208617
66.56249435,-0.555570233,-0.831469612,0.923879533,0.750556677
66.75884389,-0.707106781,-0.707106781,1,0.977061264
66.95519343,-0.831469612,-0.555570233,0.923879533,1.166017935
67.15154297,-0.923879533,-0.382683432,0.707106781,1.31016519
67.34789251,-0.98078528,-0.195090322,0.382683432,1.403963532
67.54424205,-1,-6.12538E-14,1.22508E-13,1.443808343
67.74059159,-0.98078528,0.195090322,-0.382683432,1.428168409
67.93694113,-0.923879533,0.382683432,-0.707106781,1.357644763
68.13329067,-0.831469612,0.555570233,-0.923879533,1.234947591
68.32964022,-0.707106781,0.707106781,-1,1.064792076
68.52598976,-0.555570233,0.831469612,-0.923879533,0.853717198
68.7223393,-0.382683432,0.923879533,-0.707106781,0.609834447
68.91868884,-0.195090322,0.98078528,-0.382683432,0.3425161
69.11503838,-9.80075E-15,1,-1.96015E-14,0.062035052
69.31138792,0.195090322,0.98078528,0.382683432,-0.220829969
69.50773746,0.382683432,0.923879533,0.707106781,-0.495208617
69.704087,0.555570233,0.831469612,0.923879533,-0.750556677
69.90043654,0.707106781,0.707106781,1,-0.977061264
70.09678608,0.831469612,0.555570233,0.923879533,-1.166017935
70.29313562,0.923879533,0.382683432,0.707106781,-1.31016519
70.48948516,0.98078528,0.195090322,0.382683432,-1.403963532
70.68583471,1,-4.16523E-14,-8.33047E-14,-1.443808343
70.88218425,0.98078528,-0.195090322,-0.382683432,-1.428168409
71.07853379,0.923879533,-0.382683432,-0.707106781,-1.357644763
71.27488333,0.831469612,-0.555570233,-0.923879533,-1.234947591
71.47123287,0.707106781,-0.707106781,-1,-1.064792076
71.66758241,0.555570233,-0.831469612,-0.923879533,-0.853717198
71.86393195,0.382683432,-0.923879533,-0.707106781,-0.609834447
72.06028149,0.195090322,-0.98078528,-0.382683432,-0.3425161
72.25663103,-9.31054E-14,-1,1.86211E-13,-0.062035052
72.45298057,-0.195090322,-0.98078528,0.382683432,0.220829969
72.64933011,-0.382683432,-0.923879533,0.707106781,0.495208617
72.84567966,-0.555570233,-0.831469612,0.923879533,0.750556677
73.0420292,-0.707106781,-0.707106781,1,0.977061264
73.23837874,-0.831469612,-0.555570233,0.923879533,1.166017935
73.43472828,-0.923879533,-0.382683432,0.707106781,1.31016519
73.63107782,-0.98078528,-0.195090322,0.382683432,1.403963532
73.82742736,-1,1.44559E-13,-2.89117E-13,1.443808343
74.0237769,-0.98078528,0.195090322,-0.382683432,1.428168409
74.22012644,-0.923879533,0.382683432,-0.707106781,1.357644763
74.41647598,-0.831469612,0.555570233,-0.923879533,1.234947591
74.61282552,-0.707106781,0.707106781,-1,1.064792076
74.80917506,-0.555570233,0.831469612,-0.923879533,0.853717198
75.0055246,-0.382683432,0.923879533,-0.707106781,0.609834447
75.20187415,-0.195090322,0.98078528,-0.382683432,0.3425161
75.39822369,1.96012E-13,1,3.92023E-13,0.062035052
75.59457323,0.195090322,0.98078528,0.382683432,-0.220829969
75.79092277,0.382683432,0.923879533,0.707106781,-0.495208617
75.98727231,0.555570233,0.831469612,0.923879533,-0.750556677
76.18362185,0.707106781,0.707106781,1,-0.977061264
76.37997139,0.831469612,0.555570233,0.923879533,-1.166017935
76.57632093,0.923879533,0.382683432,0.707106781,-1.31016519
76.77267047,0.98078528,0.195090322,0.382683432,-1.403963532
76.96902001,1,-2.47465E-13,-4.94929E-13,-1.443808343
77.16536955,0.98078528,-0.195090322,-0.382683432,-1.428168409
77.36171909,0.923879533,-0.382683432,-0.707106781,-1.357644763
77.55806864,0.831469612,-0.555570233,-0.923879533,-1.234947591
77.75441818,0.707106781,-0.707106781,-1,-1.064792076
77.95076772,0.555570233,-0.831469612,-0.923879533,-0.853717198
78.14711726,0.382683432,-0.923879533,-0.707106781,-0.609834447
78.3434668,0.195090322,-0.98078528,-0.382683432,-0.3425161
78.53981634,-2.98918E-13,-1,5.97836E-13,-0.062035052
78.73616588,-0.195090322,-0.98078528,0.382683432,0.220829969
78.93251542,-0.382683432,-0.923879533,0.707106781,0.495208617
79.12886496,-0.555570233,-0.831469612,0.923879533,0.750556677
79.3252145,-0.707106781,-0.707106781,1,0.977061264
79.52156404,-0.831469612,-0.555570233,0.923879533,1.166017935
79.71791358,-0.923879533,-0.382683432,0.707106781,1.31016519
79.91426313,-0.98078528,-0.195090322,0.382683432,1.403963532
80.11061267,-1,3.50371E-13,-7.00742E-13,1.443808343
80.30696221,-0.98078528,0.195090322,-0.382683432,1.428168409
80.50331175,-0.923879533,0.382683432,-0.707106781,1.357644763
80.69966129,-0.831469612,0.555570233,-0.923879533,1.234947591
80.89601083,-0.707106781,0.707106781,-1,1.064792076
81.09236037,-0.555570233,0.831469612,-0.923879533,0.853717198
81.28870991,-0.382683432,0.923879533,-0.707106781,0.609834447
81.48505945,-0.195090322,0.98078528,-0.382683432,0.3425161
81.68140899,4.01824E-13,1,8.03648E-13,0.062035052
81.87775853,0.195090322,0.98078528,0.382683432,-0.220829969
82.07410808,0.382683432,0.923879533,0.707106781,-0.495208617
82.27045762,0.555570233,0.831469612,0.923879533,-0.750556677
82.46680716,0.707106781,0.707106781,1,-0.977061264
82.6631567,0.831469612,0.555570233,0.923879533,-1.166017935
82.85950624,0.923879533,0.382683432,0.707106781,-1.31016519
83.05585578,0.98078528,0.195090322,0.382683432,-1.403963532
83.25220532,1,-4.53277E-13,-9.06554E-13,-1.443808343
83.44855486,0.98078528,-0.195090322,-0.382683432,-1.428168409
83.6449044,0.923879533,-0.382683432,-0.707106781,-1.357644763
83.84125394,0.831469612,-0.555570233,-0.923879533,-1.234947591
84.03760348,0.707106781,-0.707106781,-1,-1.064792076
84.23395302,0.555570233,-0.831469612,-0.923879533,-0.853717198
84.43030257,0.382683432,-0.923879533,-0.707106781,-0.609834447
84.62665211,0.195090322,-0.98078528,-0.382683432,-0.3425161
84.82300165,-5.0473E-13,-1,1.00946E-12,-0.062035052
85.01935119,-0.195090322,-0.98078528,0.382683432,0.220829969
85.21570073,-0.382683432,-0.923879533,0.707106781,0.495208617
85.41205027,-0.555570233,-0.831469612,0.923879533,0.750556677
85.60839981,-0.707106781,-0.707106781,1,0.977061264
85.80474935,-0.831469612,-0.555570233,0.923879533,1.166017935
86.00109889,-0.923879533,-0.382683432,0.707106781,1.31016519
86.19744843,-0.98078528,-0.195090322,0.382683432,1.403963532
86.39379797,-1,5.56183E-13,-1.11237E-12,1.443808343
86.59014751,-0.98078528,0.195090322,-0.382683432,1.428168409
86.78649706,-0.923879533,0.382683432,-0.707106781,1.357644763
86.9828466,-0.831469612,0.555570233,-0.923879533,1.234947591
87.17919614,-0.707106781,0.707106781,-1,1.064792076
87.37554568,-0.555570233,0.831469612,-0.923879533,0.853717198
87.57189522,-0.382683432,0.923879533,-0.707106781,0.609834447
87.76824476,-0.195090322,0.98078528,-0.382683432,0.3425161
87.9645943,6.07636E-13,1,1.21527E-12,0.062035052
88.16094384,0.195090322,0.98078528,0.382683432,-0.220829969
88.35729338,0.382683432,0.923879533,0.707106781,-0.495208617
88.55364292,0.555570233,0.831469612,0.923879533,-0.750556677
88.74999246,0.707106781,0.707106781,1,-0.977061264
88.946342,0.831469612,0.555570233,0.923879533,-1.166017935
89.14269155,0.923879533,0.382683432,0.707106781,-1.31016519
89.33904109,0.98078528,0.195090322,0.382683432,-1.403963532
89.53539063,1,-6.59089E-13,-1.31818E-12,-1.443808343
89.73174017,0.98078528,-0.195090322,-0.382683432,-1.428168409
89.92808971,0.923879533,-0.382683432,-0.707106781,-1.357644763
90.12443925,0.831469612,-0.555570233,-0.923879533,-1.234947591
90.32078879,0.707106781,-0.707106781,-1,-1.064792076
90.51713833,0.555570233,-0.831469612,-0.923879533,-0.853717198
90.71348787,0.382683432,-0.923879533,-0.707106781,-0.609834447
90.90983741,0.195090322,-0.98078528,-0.382683432,-0.3425161
91.10618695,-7.10543E-13,-1,1.42109E-12,-0.062035052
91.30253649,-0.195090322,-0.98078528,0.382683432,0.220829969
91.49888604,-0.382683432,-0.923879533,0.707106781,0.495208617
91.69523558,-0.555570233,-0.831469612,0.923879533,0.750556677
91.89158512,-0.707106781,-0.707106781,1,0.977061264
92.08793466,-0.831469612,-0.555570233,0.923879533,1.166017935
92.2842842,-0.923879533,-0.382683432,0.707106781,1.31016519
92.48063374,-0.98078528,-0.195090322,0.382683432,1.403963532
92.67698328,-1,7.61996E-13,-1.52399E-12,1.443808343
92.87333282,-0.98078528,0.195090322,-0.382683432,1.428168409
93.06968236,-0.923879533,0.382683432,-0.707106781,1.357644763
93.2660319,-0.831469612,0.555570233,-0.923879533,1.234947591
93.46238144,-0.707106781,0.707106781,-1,1.064792076
93.65873099,-0.555570233,0.831469612,-0.923879533,0.853717198
93.85508053,-0.382683432,0.923879533,-0.707106781,0.609834447
94.05143007,-0.195090322,0.98078528,-0.382683432,0.3425161
94.24777961,8.13449E-13,1,1.6269E-12,0.062035052
94.44412915,0.195090322,0.98078528,0.382683432,-0.220829969
94.64047869,0.382683432,0.923879533,0.707106781,-0.495208617
94.83682823,0.555570233,0.831469612,0.923879533,-0.750556677
95.03317777,0.707106781,0.707106781,1,-0.977061264
95.22952731,0.831469612,0.555570233,0.923879533,-1.166017935
95.42587685,0.923879533,0.382683432,0.707106781,-1.31016519
95.62222639,0.98078528,0.195090322,0.382683432,-1.403963532
95.81857593,1,-8.64902E-13,-1.7298E-12,-1.443808343
96.01492548,0.98078528,-0.195090322,-0.382683432,-1.428168409
96.21127502,0.923879533,-0.382683432,-0.707106781,-1.357644763
96.40762456,0.831469612,-0.555570233,-0.923879533,-1.234947591
96.6039741,0.707106781,-0.707106781,-1,-1.064792076
96.80032364,0.555570233,-0.831469612,-0.923879533,-0.853717198
96.99667318,0.382683432,-0.923879533,-0.707106781,-0.609834447
97.19302272,0.195090322,-0.98078528,-0.382683432,-0.3425161
97.38937226,-9.16355E-13,-1,1.83271E-12,-0.062035052
97.5857218,-0.195090322,-0.98078528,0.382683432,0.220829969
97.78207134,-0.382683432,-0.923879533,0.707106781,0.495208617
97.97842088,-0.555570233,-0.831469612,0.923879533,0.750556677
98.17477042,-0.707106781,-0.707106781,1,0.977061264
98.37111997,-0.831469612,-0.555570233,0.923879533,1.166017935
98.56746951,-0.923879533,-0.382683432,0.707106781,1.31016519
98.76381905,-0.98078528,-0.195090322,0.382683432,1.403963532
98.96016859,-1,9.67808E-13,-1.93562E-12,1.443808343
99.15651813,-0.98078528,0.195090322,-0.382683432,1.428168409
99.35286767,-0.923879533,0.382683432,-0.707106781,1.357644763
99.54921721,-0.831469612,0.555570233,-0.923879533,1.234947591
99.74556675,-0.707106781,0.707106781,-1,1.064792076
99.94191629,-0.555570233,0.831469612,-0.923879533,0.853717198
100.1382658,-0.382683432,0.923879533,-0.707106781,0.609834447
100.3346154,-0.195090322,0.98078528,-0.382683432,0.3425161
100.5309649,1.01926E-12,1,2.03852E-12,0.062035052
100.7273145,0.195090322,0.98078528,0.382683432,-0.220829969
100.923664,0.382683432,0.923879533,0.707106781,-0.495208617
101.1200135,0.555570233,0.831469612,0.923879533,-0.750556677
101.3163631,0.707106781,0.707106781,1,-0.977061264
101.5127126,0.831469612,0.555570233,0.923879533,-1.166017935
101.7090622,0.923879533,0.382683432,0.707106781,-1.31016519
101.9054117,0.98078528,0.195090322,0.382683432,-1.403963532
102.1017612,1,-1.07071E-12,-2.14143E-12,-1.443808343
102.2981108,0.98078528,-0.195090322,-0.382683432,-1.428168409
102.4944603,0.923879533,-0.382683432,-0.707106781,-1.357644763
102.6908099,0.831469612,-0.555570233,-0.923879533,-1.234947591
102.8871594,0.707106781,-0.707106781,-1,-1.064792076
103.0835089,0.555570233,-0.831469612,-0.923879533,-0.853717198
103.2798585,0.382683432,-0.923879533,-0.707106781,-0.609834447
103.476208,0.195090322,-0.98078528,-0.382683432,-0.3425161
103.6725576,-1.12217E-12,-1,2.24433E-12,-0.062035052
103.8689071,-0.195090322,-0.98078528,0.382683432,0.220829969
104.0652567,-0.382683432,-0.923879533,0.707106781,0.495208617
104.2616062,-0.555570233,-0.831469612,0.923879533,0.750556677
104.4579557,-0.707106781,-0.707106781,1,0.977061264
104.6543053,-0.831469612,-0.555570233,0.923879533,1.166017935
104.8506548,-0.923879533,-0.382683432,0.707106781,1.31016519
105.0470044,-0.98078528,-0.195090322,0.382683432,1.403963532
105.2433539,-1,1.17362E-12,-2.34724E-12,1.443808343
105.4397034,-0.98078528,0.195090322,-0.382683432,1.428168409
105.636053,-0.923879533,0.382683432,-0.707106781,1.357644763
105.8324025,-0.831469612,0.555570233,-0.923879533,1.234947591
106.0287521,-0.707106781,0.707106781,-1,1.064792076
106.2251016,-0.555570233,0.831469612,-0.923879533,0.853717198
106.4214511,-0.382683432,0.923879533,-0.707106781,0.609834447
106.6178007,-0.195090322,0.98078528,-0.382683432,0.3425161
106.8141502,1.22507E-12,1,2.45015E-12,0.062035052
107.0104998,0.195090322,0.98078528,0.382683432,-0.220829969
107.2068493,0.382683432,0.923879533,0.707106781,-0.495208617
107.4031988,0.555570233,0.831469612,0.923879533,-0.750556677
107.5995484,0.707106781,0.707106781,1,-0.977061264
107.7958979,0.831469612,0.555570233,0.923879533,-1.166017935
107.9922475,0.923879533,0.382683432,0.707106781,-1.31016519
108.188597,0.98078528,0.195090322,0.382683432,-1.403963532
108.3849465,1,-1.27653E-12,-2.55305E-12,-1.443808343
108.5812961,0.98078528,-0.195090322,-0.382683432,-1.428168409
108.7776456,0.923879533,-0.382683432,-0.707106781,-1.357644763
108.9739952,0.831469612,-0.555570233,-0.923879533,-1.234947591
109.1703447,0.707106781,-0.707106781,-1,-1.064792076
109.3666943,0.555570233,-0.831469612,-0.923879533,-0.853717198
109.5630438,0.382683432,-0.923879533,-0.707106781,-0.609834447
109.7593933,0.195090322,-0.98078528,-0.382683432,-0.3425161
109.9557429,-1.32798E-12,-1,2.65596E-12,-0.062035052
110.1520924,-0.195090322,-0.98078528,0.382683432,0.220829969
110.348442,-0.382683432,-0.923879533,0.707106781,0.495208617
110.5447915,-0.555570233,-0.831469612,0.923879533,0.750556677
110.741141,-0.707106781,-0.707106781,1,0.977061264
110.9374906,-0.831469612,-0.555570233,0.923879533,1.166017935
111.1338401,-0.923879533,-0.382683432,0.707106781,1.31016519
111.3301897,-0.98078528,-0.195090322,0.382683432,1.403963532
111.5265392,-1,1.37943E-12,-2.75887E-12,1.443808343
111.7228887,-0.98078528,0.195090322,-0.382683432,1.428168409
111.9192383,-0.923879533,0.382683432,-0.707106781,1.357644763
112.1155878,-0.831469612,0.555570233,-0.923879533,1.234947591
112.3119374,-0.707106781,0.707106781,-1,1.064792076
112.5082869,-0.555570233,0.831469612,-0.923879533,0.853717198
112.7046364,-0.382683432,0.923879533,-0.707106781,0.609834447
112.900986,-0.195090322,0.98078528,-0.382683432,0.3425161
113.0973355,1.43089E-12,1,2.86177E-12,0.062035052
113.2936851,0.195090322,0.98078528,0.382683432,-0.220829969
113.4900346,0.382683432,0.923879533,0.707106781,-0.495208617
113.6863842,0.555570233,0.831469612,0.923879533,-0.750556677
113.8827337,0.707106781,0.707106781,1,-0.977061264
114.0790832,0.831469612,0.555570233,0.923879533,-1.166017935
114.2754328,0.923879533,0.382683432,0.707106781,-1.31016519
114.4717823,0.98078528,0.195090322,0.382683432,-1.403963532
114.6681319,1,-1.48234E-12,-2.96468E-12,-1.443808343
114.8644814,0.98078528,-0.195090322,-0.382683432,-1.428168409
115.0608309,0.923879533,-0.382683432,-0.707106781,-1.357644763
115.2571805,0.831469612,-0.555570233,-0.923879533,-1.234947591
115.45353,0.707106781,-0.707106781,-1,-1.064792076
115.6498796,0.555570233,-0.831469612,-0.923879533,-0.853717198
115.8462291,0.382683432,-0.923879533,-0.707106781,-0.609834447
116.0425786,0.195090322,-0.98078528,-0.382683432,-0.3425161
116.2389282,-1.53379E-12,-1,3.06758E-12,-0.062035052
116.4352777,-0.195090322,-0.98078528,0.382683432,0.220829969
116.6316273,-0.382683432,-0.923879533,0.707106781,0.495208617
116.8279768,-0.555570233,-0.831469612,0.923879533,0.750556677
117.0243263,-0.707106781,-0.707106781,1,0.977061264
117.2206759,-0.831469612,-0.555570233,0.923879533,1.166017935
117.4170254,-0.923879533,-0.382683432,0.707106781,1.31016519
117.613375,-0.98078528,-0.195090322,0.382683432,1.403963532
117.8097245,-1,1.58525E-12,-3.17049E-12,1.443808343
118.0060741,-0.98078528,0.195090322,-0.382683432,1.428168409
118.2024236,-0.923879533,0.382683432,-0.707106781,1.357644763
118.3987731,-0.831469612,0.555570233,-0.923879533,1.234947591
118.5951227,-0.707106781,0.707106781,-1,1.064792076
118.7914722,-0.555570233,0.831469612,-0.923879533,0.853717198
118.9878218,-0.382683432,0.923879533,-0.707106781,0.609834447
119.1841713,-0.195090322,0.98078528,-0.382683432,0.3425161
119.3805208,1.6367E-12,1,3.2734E-12,0.062035052
119.5768704,0.195090322,0.98078528,0.382683432,-0.220829969
119.7732199,0.382683432,0.923879533,0.707106781,-0.495208617
119.9695695,0.555570233,0.831469612,0.923879533,-0.750556677
120.165919,0.707106781,0.707106781,1,-0.977061264
120.3622685,0.831469612,0.555570233,0.923879533,-1.166017935
120.5586181,0.923879533,0.382683432,0.707106781,-1.31016519
120.7549676,0.98078528,0.195090322,0.382683432,-1.403963532
120.9513172,1,-1.68815E-12,-3.3763E-12,-1.443808343
121.1476667,0.98078528,-0.195090322,-0.382683432,-1.428168409
121.3440162,0.923879533,-0.382683432,-0.707106781,-1.357644763
121.5403658,0.831469612,-0.555570233,-0.923879533,-1.234947591
121.7367153,0.707106781,-0.707106781,-1,-1.064792076
121.9330649,0.555570233,-0.831469612,-0.923879533,-0.853717198
122.1294144,0.382683432,-0.923879533,-0.707106781,-0.609834447
122.3257639,0.195090322,-0.98078528,-0.382683432,-0.3425161
122.5221135,-1.7396E-12,-1,3.47921E-12,-0.062035052
122.718463,-0.195090322,-0.98078528,0.382683432,0.220829969
122.9148126,-0.382683432,-0.923879533,0.707106781,0.495208617
123.1111621,-0.555570233,-0.831469612,0.923879533,0.750556677
123.3075117,-0.707106781,-0.707106781,1,0.977061264
123.5038612,-0.831469612,-0.555570233,0.923879533,1.166017935
123.7002107,-0.923879533,-0.382683432,0.707106781,1.31016519
123.8965603,-0.98078528,-0.195090322,0.382683432,1.403963532
124.0929098,-1,1.79106E-12,-3.58211E-12,1.443808343
124.2892594,-0.98078528,0.195090322,-0.382683432,1.428168409
124.4856089,-0.923879533,0.382683432,-0.707106781,1.357644763
124.6819584,-0.831469612,0.555570233,-0.923879533,1.234947591
124.878308,-0.707106781,0.707106781,-1,1.064792076
125.0746575,-0.555570233,0.831469612,-0.923879533,0.853717198
125.2710071,-0.382683432,0.923879533,-0.707106781,0.609834447
125.4673566,-0.195090322,0.98078528,-0.382683432,0.3425161
125.6637061,1.84251E-12,1,3.68502E-12,0.062035052
125.8600557,0.195090322,0.98078528,0.382683432,-0.220829969
126.0564052,0.382683432,0.923879533,0.707106781,-0.495208617
126.2527548,0.555570233,0.831469612,0.923879533,-0.750556677
126.4491043,0.707106781,0.707106781,1,-0.977061264
126.6454538,0.831469612,0.555570233,0.923879533,-1.166017935
126.8418034,0.923879533,0.382683432,0.707106781,-1.31016519
127.0381529,0.98078528,0.195090322,0.382683432,-1.403963532
127.2345025,1,-1.89396E-12,-3.78793E-12,-1.443808343
127.430852,0.98078528,-0.195090322,-0.382683432,-1.428168409
127.6272016,0.923879533,-0.382683432,-0.707106781,-1.357644763
127.8235511,0.831469612,-0.555570233,-0.923879533,-1.234947591
128.0199006,0.707106781,-0.707106781,-1,-1.064792076
128.2162502,0.555570233,-0.831469612,-0.923879533,-0.853717198
128.4125997,0.382683432,-0.923879533,-0.707106781,-0.609834447
128.6089493,0.195090322,-0.98078528,-0.382683432,-0.3425161
128.8052988,-1.88857E-12,-1,3.77715E-12,-0.062035052
129.0016483,-0.195090322,-0.98078528,0.382683432,0.220829969
129.1979979,-0.382683432,-0.923879533,0.707106781,0.495208617
129.3943474,-0.555570233,-0.831469612,0.923879533,0.750556677
129.590697,-0.707106781,-0.707106781,1,0.977061264
129.7870465,-0.831469612,-0.555570233,0.923879533,1.166017935
129.983396,-0.923879533,-0.382683432,0.707106781,1.31016519
130.1797456,-0.98078528,-0.195090322,0.382683432,1.403963532
130.3760951,-1,1.82634E-12,-3.65268E-12,1.443808343
130.5724447,-0.98078528,0.195090322,-0.382683432,1.428168409
130.7687942,-0.923879533,0.382683432,-0.707106781,1.357644763
130.9651437,-0.831469612,0.555570233,-0.923879533,1.234947591
131.1614933,-0.707106781,0.707106781,-1,1.064792076
131.3578428,-0.555570233,0.831469612,-0.923879533,0.853717198
131.5541924,-0.382683432,0.923879533,-0.707106781,0.609834447
131.7505419,-0.195090322,0.98078528,-0.382683432,0.3425161
131.9468915,1.76411E-12,1,3.52821E-12,0.062035052
132.143241,0.195090322,0.98078528,0.382683432,-0.220829969
132.3395905,0.382683432,0.923879533,0.707106781,-0.495208617
132.5359401,0.555570233,0.831469612,0.923879533,-0.750556677
132.7322896,0.707106781,0.707106781,1,-0.977061264
132.9286392,0.831469612,0.555570233,0.923879533,-1.166017935
133.1249887,0.923879533,0.382683432,0.707106781,-1.31016519
133.3213382,0.98078528,0.195090322,0.382683432,-1.403963532
133.5176878,1,-1.70187E-12,-3.40374E-12,-1.443808343
133.7140373,0.98078528,-0.195090322,-0.382683432,-1.428168409
133.9103869,0.923879533,-0.382683432,-0.707106781,-1.357644763
134.1067364,0.831469612,-0.555570233,-0.923879533,-1.234947591
134.3030859,0.707106781,-0.707106781,-1,-1.064792076
134.4994355,0.555570233,-0.831469612,-0.923879533,-0.853717198
134.695785,0.382683432,-0.923879533,-0.707106781,-0.609834447
134.8921346,0.195090322,-0.98078528,-0.382683432,-0.3425161
135.0884841,-1.63964E-12,-1,3.27928E-12,-0.062035052
135.2848336,-0.195090322,-0.98078528,0.382683432,0.220829969
135.4811832,-0.382683432,-0.923879533,0.707106781,0.495208617
135.6775327,-0.555570233,-0.831469612,0.923879533,0.750556677
135.8738823,-0.707106781,-0.707106781,1,0.977061264
136.0702318,-0.831469612,-0.555570233,0.923879533,1.166017935
136.2665813,-0.923879533,-0.382683432,0.707106781,1.31016519
136.4629309,-0.98078528,-0.195090322,0.382683432,1.403963532
136.6592804,-1,1.5774E-12,-3.15481E-12,1.443808343
136.85563,-0.98078528,0.195090322,-0.382683432,1.428168409
137.0519795,-0.923879533,0.382683432,-0.707106781,1.357644763
137.2483291,-0.831469612,0.555570233,-0.923879533,1.234947591
137.4446786,-0.707106781,0.707106781,-1,1.064792076
137.6410281,-0.555570233,0.831469612,-0.923879533,0.853717198
137.8373777,-0.382683432,0.923879533,-0.707106781,0.609834447
138.0337272,-0.195090322,0.98078528,-0.382683432,0.3425161
138.2300768,1.51517E-12,1,3.03034E-12,0.062035052
138.4264263,0.195090322,0.98078528,0.382683432,-0.220829969
138.6227758,0.382683432,0.923879533,0.707106781,-0.495208617
138.8191254,0.555570233,0.831469612,0.923879533,-0.750556677
139.0154749,0.707106781,0.707106781,1,-0.977061264
139.2118245,0.831469612,0.555570233,0.923879533,-1.166017935
139.408174,0.923879533,0.382683432,0.707106781,-1.31016519
139.6045235,0.98078528,0.195090322,0.382683432,-1.403963532
139.8008731,1,-1.45294E-12,-2.90587E-12,-1.443808343
139.9972226,0.98078528,-0.195090322,-0.382683432,-1.428168409
140.1935722,0.923879533,-0.382683432,-0.707106781,-1.357644763
140.3899217,0.831469612,-0.555570233,-0.923879533,-1.234947591
140.5862712,0.707106781,-0.707106781,-1,-1.064792076
140.7826208,0.555570233,-0.831469612,-0.923879533,-0.853717198
140.9789703,0.382683432,-0.923879533,-0.707106781,-0.609834447
141.1753199,0.195090322,-0.98078528,-0.382683432,-0.3425161
141.3716694,-1.3907E-12,-1,2.78141E-12,-0.062035052
141.568019,-0.195090322,-0.98078528,0.382683432,0.220829969
141.7643685,-0.382683432,-0.923879533,0.707106781,0.495208617
141.960718,-0.555570233,-0.831469612,0.923879533,0.750556677
142.1570676,-0.707106781,-0.707106781,1,0.977061264
142.3534171,-0.831469612,-0.555570233,0.923879533,1.166017935
142.5497667,-0.923879533,-0.382683432,0.707106781,1.31016519
142.7461162,-0.98078528,-0.195090322,0.382683432,1.403963532
142.9424657,-1,1.32847E-12,-2.65694E-12,1.443808343
143.1388153,-0.98078528,0.195090322,-0.382683432,1.428168409
143.3351648,-0.923879533,0.382683432,-0.707106781,1.357644763
143.5315144,-0.831469612,0.555570233,-0.923879533,1.234947591
143.7278639,-0.707106781,0.707106781,-1,1.064792076
143.9242134,-0.555570233,0.831469612,-0.923879533,0.853717198
144.120563,-0.382683432,0.923879533,-0.707106781,0.609834447
144.3169125,-0.195090322,0.98078528,-0.382683432,0.3425161
144.5132621,1.26624E-12,1,2.53247E-12,0.062035052
144.7096116,0.195090322,0.98078528,0.382683432,-0.220829969
144.9059611,0.382683432,0.923879533,0.707106781,-0.495208617
145.1023107,0.555570233,0.831469612,0.923879533,-0.750556677
145.2986602,0.707106781,0.707106781,1,-0.977061264
145.4950098,0.831469612,0.555570233,0.923879533,-1.166017935
145.6913593,0.923879533,0.382683432,0.707106781,-1.31016519
145.8877089,0.98078528,0.195090322,0.382683432,-1.403963532
146.0840584,1,-1.204E-12,-2.408E-12,-1.443808343
146.2804079,0.98078528,-0.195090322,-0.382683432,-1.428168409
146.4767575,0.923879533,-0.382683432,-0.707106781,-1.357644763
146.673107,0.831469612,-0.555570233,-0.923879533,-1.234947591
146.8694566,0.707106781,-0.707106781,-1,-1.064792076
147.0658061,0.555570233,-0.831469612,-0.923879533,-0.853717198
147.2621556,0.382683432,-0.923879533,-0.707106781,-0.609834447
147.4585052,0.195090322,-0.98078528,-0.382683432,-0.3425161
147.6548547,-1.14177E-12,-1,2.28354E-12,-0.062035052
147.8512043,-0.195090322,-0.98078528,0.382683432,0.220829969
148.0475538,-0.382683432,-0.923879533,0.707106781,0.495208617
148.2439033,-0.555570233,-0.831469612,0.923879533,0.750556677
148.4402529,-0.707106781,-0.707106781,1,0.977061264
148.6366024,-0.831469612,-0.555570233,0.923879533,1.166017935
148.832952,-0.923879533,-0.382683432,0.707106781,1.31016519
149.0293015,-0.98078528,-0.195090322,0.382683432,1.403963532
149.225651,-1,1.07953E-12,-2.15907E-12,1.443808343
149.4220006,-0.98078528,0.195090322,-0.382683432,1.428168409
149.6183501,-0.923879533,0.382683432,-0.707106781,1.357644763
149.8146997,-0.831469612,0.555570233,-0.923879533,1.234947591
150.0110492,-0.707106781,0.707106781,-1,1.064792076
150.2073987,-0.555570233,0.831469612,-0.923879533,0.853717198
150.4037483,-0.382683432,0.923879533,-0.707106781,0.609834447
150.6000978,-0.195090322,0.98078528,-0.382683432,0.3425161
150.7964474,1.0173E-12,1,2.0346E-12,0.062035052
150.9927969,0.195090322,0.98078528,0.382683432,-0.220829969
151.1891465,0.382683432,0.923879533,0.707106781,-0.495208617
151.385496,0.555570233,0.831469612,0.923879533,-0.750556677
151.5818455,0.707106781,0.707106781,1,-0.977061264
151.7781951,0.831469612,0.555570233,0.923879533,-1.166017935
151.9745446,0.923879533,0.382683432,0.707106781,-1.31016519
152.1708942,0.98078528,0.195090322,0.382683432,-1.403963532
152.3672437,1,-9.55067E-13,-1.91013E-12,-1.443808343
152.5635932,0.98078528,-0.195090322,-0.382683432,-1.428168409
152.7599428,0.923879533,-0.382683432,-0.707106781,-1.357644763
152.9562923,0.831469612,-0.555570233,-0.923879533,-1.234947591
153.1526419,0.707106781,-0.707106781,-1,-1.064792076
153.3489914,0.555570233,-0.831469612,-0.923879533,-0.853717198
153.5453409,0.382683432,-0.923879533,-0.707106781,-0.609834447
153.7416905,0.195090322,-0.98078528,-0.382683432,-0.3425161
153.93804,-8.92833E-13,-1,1.78567E-12,-0.062035052
154.1343896,-0.195090322,-0.98078528,0.382683432,0.220829969
154.3307391,-0.382683432,-0.923879533,0.707106781,0.495208617
154.5270886,-0.555570233,-0.831469612,0.923879533,0.750556677
154.7234382,-0.707106781,-0.707106781,1,0.977061264
154.9197877,-0.831469612,-0.555570233,0.923879533,1.166017935
155.1161373,-0.923879533,-0.382683432,0.707106781,1.31016519
155.3124868,-0.98078528,-0.195090322,0.382683432,1.403963532
155.5088364,-1,8.306E-13,-1.6612E-12,1.443808343
155.7051859,-0.98078528,0.195090322,-0.382683432,1.428168409
155.9015354,-0.923879533,0.382683432,-0.707106781,1.357644763
156.097885,-0.831469612,0.555570233,-0.923879533,1.234947591
156.2942345,-0.707106781,0.707106781,-1,1.064792076
156.4905841,-0.555570233,0.831469612,-0.923879533,0.853717198
156.6869336,-0.382683432,0.923879533,-0.707106781,0.609834447
156.8832831,-0.195090322,0.98078528,-0.382683432,0.3425161
157.0796327,7.68366E-13,1,1.53673E-12,0.062035052
157.2759822,0.195090322,0.98078528,0.382683432,-0.220829969
157.4723318,0.382683432,0.923879533,0.707106781,-0.495208617
157.6686813,0.555570233,0.831469612,0.923879533,-0.750556677
157.8650308,0.707106781,0.707106781,1,-0.977061264
158.0613804,0.831469612,0.555570233,0.923879533,-1.166017935
158.2577299,0.923879533,0.382683432,0.707106781,-1.31016519
158.4540795,0.98078528,0.195090322,0.382683432,-1.403963532
158.650429,1,-7.06132E-13,-1.41226E-12,-1.443808343
158.8467785,0.98078528,-0.195090322,-0.382683432,-1.428168409
159.0431281,0.923879533,-0.382683432,-0.707106781,-1.357644763
159.2394776,0.831469612,-0.555570233,-0.923879533,-1.234947591
159.4358272,0.707106781,-0.707106781,-1,-1.064792076
159.6321767,0.555570233,-0.831469612,-0.923879533,-0.853717198
159.8285263,0.382683432,-0.923879533,-0.707106781,-0.609834447
160.0248758,0.195090322,-0.98078528,-0.382683432,-0.3425161
160.2212253,-6.43898E-13,-1,1.2878E-12,-0.062035052
160.4175749,-0.195090322,-0.98078528,0.382683432,0.220829969
160.6139244,-0.382683432,-0.923879533,0.707106781,0.495208617
160.810274,-0.555570233,-0.831469612,0.923879533,0.750556677
161.0066235,-0.707106781,-0.707106781,1,0.977061264
161.202973,-0.831469612,-0.555570233,0.923879533,1.166017935
161.3993226,-0.923879533,-0.382683432,0.707106781,1.31016519
161.5956721,-0.98078528,-0.195090322,0.382683432,1.403963532
161.7920217,-1,5.81665E-13,-1.16333E-12,1.443808343
161.9883712,-0.98078528,0.195090322,-0.382683432,1.428168409
162.1847207,-0.923879533,0.382683432,-0.707106781,1.357644763
162.3810703,-0.831469612,0.555570233,-0.923879533,1.234947591
162.5774198,-0.707106781,0.707106781,-1,1.064792076
162.7737694,-0.555570233,0.831469612,-0.923879533,0.853717198
162.9701189,-0.382683432,0.923879533,-0.707106781,0.609834447
163.1664684,-0.195090322,0.98078528,-0.382683432,0.3425161
163.362818,5.19431E-13,1,1.03886E-12,0.062035052
163.5591675,0.195090322,0.98078528,0.382683432,-0.220829969
163.7555171,0.382683432,0.923879533,0.707106781,-0.495208617
163.9518666,0.555570233,0.831469612,0.923879533,-0.750556677
164.1482162,0.707106781,0.707106781,1,-0.977061264
164.3445657,0.831469612,0.555570233,0.923879533,-1.166017935
164.5409152,0.923879533,0.382683432,0.707106781,-1.31016519
164.7372648,0.98078528,0.195090322,0.382683432,-1.403963532
164.9336143,1,-4.57197E-13,-9.14394E-13,-1.443808343
165.1299639,0.98078528,-0.195090322,-0.382683432,-1.428168409
165.3263134,0.923879533,-0.382683432,-0.707106781,-1.357644763
165.5226629,0.831469612,-0.555570233,-0.923879533,-1.234947591
165.7190125,0.707106781,-0.707106781,-1,-1.064792076
165.915362,0.555570233,-0.831469612,-0.923879533,-0.853717198
166.1117116,0.382683432,-0.923879533,-0.707106781,-0.609834447
166.3080611,0.195090322,-0.98078528,-0.382683432,-0.3425161
166.5044106,-3.94963E-13,-1,7.89927E-13,-0.062035052
166.7007602,-0.195090322,-0.98078528,0.382683432,0.220829969
166.8971097,-0.382683432,-0.923879533,0.707106781,0.495208617
167.0934593,-0.555570233,-0.831469612,0.923879533,0.750556677
167.2898088,-0.707106781,-0.707106781,1,0.977061264
167.4861583,-0.831469612,-0.555570233,0.923879533,1.166017935
167.6825079,-0.923879533,-0.382683432,0.707106781,1.31016519
167.8788574,-0.98078528,-0.195090322,0.382683432,1.403963532
168.075207,-1,3.3273E-13,-6.65459E-13,1.443808343
168.2715565,-0.98078528,0.195090322,-0.382683432,1.428168409
168.467906,-0.923879533,0.382683432,-0.707106781,1.357644763
168.6642556,-0.831469612,0.555570233,-0.923879533,1.234947591
168.8606051,-0.707106781,0.707106781,-1,1.064792076
169.0569547,-0.555570233,0.831469612,-0.923879533,0.853717198
169.2533042,-0.382683432,0.923879533,-0.707106781,0.609834447
169.4496538,-0.195090322,0.98078528,-0.382683432,0.3425161
169.6460033,2.70496E-13,1,5.40992E-13,0.062035052
169.8423528,0.195090322,0.98078528,0.382683432,-0.220829969
170.0387024,0.382683432,0.923879533,0.707106781,-0.495208617
170.2350519,0.555570233,0.831469612,0.923879533,-0.750556677
170.4314015,0.707106781,0.707106781,1,-0.977061264
170.627751,0.831469612,0.555570233,0.923879533,-1.166017935
170.8241005,0.923879533,0.382683432,0.707106781,-1.31016519
171.0204501,0.98078528,0.195090322,0.382683432,-1.403963532
171.2167996,1,-2.08262E-13,-4.16524E-13,-1.443808343
171.4131492,0.98078528,-0.195090322,-0.382683432,-1.428168409
171.6094987,0.923879533,-0.382683432,-0.707106781,-1.357644763
171.8058482,0.831469612,-0.555570233,-0.923879533,-1.234947591
172.0021978,0.707106781,-0.707106781,-1,-1.064792076
172.1985473,0.555570233,-0.831469612,-0.923879533,-0.853717198
172.3948969,0.382683432,-0.923879533,-0.707106781,-0.609834447
172.5912464,0.195090322,-0.98078528,-0.382683432,-0.3425161
172.7875959,-1.46028E-13,-1,2.92057E-13,-0.062035052
172.9839455,-0.195090322,-0.98078528,0.382683432,0.220829969
173.180295,-0.382683432,-0.923879533,0.707106781,0.495208617
173.3766446,-0.555570233,-0.831469612,0.923879533,0.750556677
173.5729941,-0.707106781,-0.707106781,1,0.977061264
173.7693437,-0.831469612,-0.555570233,0.923879533,1.166017935
173.9656932,-0.923879533,-0.382683432,0.707106781,1.31016519
174.1620427,-0.98078528,-0.195090322,0.382683432,1.403963532
174.3583923,-1,8.37946E-14,-1.67589E-13,1.443808343
174.5547418,-0.98078528,0.195090322,-0.382683432,1.428168409
174.7510914,-0.923879533,0.382683432,-0.707106781,1.357644763
174.9474409,-0.831469612,0.555570233,-0.923879533,1.234947591
175.1437904,-0.707106781,0.707106781,-1,1.064792076
175.34014,-0.555570233,0.831469612,-0.923879533,0.853717198
175.5364895,-0.382683432,0.923879533,-0.707106781,0.609834447
175.7328391,-0.195090322,0.98078528,-0.382683432,0.3425161
175.9291886,2.15609E-14,1,4.31218E-14,0.062035052
176.1255381,0.195090322,0.98078528,0.382683432,-0.220829969
176.3218877,0.382683432,0.923879533,0.707106781,-0.495208617
176.5182372,0.555570233,0.831469612,0.923879533,-0.750556677
176.7145868,0.707106781,0.707106781,1,-0.977061264
176.9109363,0.831469612,0.555570233,0.923879533,-1.166017935
177.1072858,0.923879533,0.382683432,0.707106781,-1.31016519
177.3036354,0.98078528,0.195090322,0.382683432,-1.403963532
177.4999849,1,4.06729E-14,8.13457E-14,-1.443808343
177.6963345,0.98078528,-0.195090322,-0.382683432,-1.428168409
177.892684,0.923879533,-0.382683432,-0.707106781,-1.357644763
178.0890336,0.831469612,-0.555570233,-0.923879533,-1.234947591
178.2853831,0.707106781,-0.707106781,-1,-1.064792076
178.4817326,0.555570233,-0.831469612,-0.923879533,-0.853717198
178.6780822,0.382683432,-0.923879533,-0.707106781,-0.609834447
178.8744317,0.195090322,-0.98078528,-0.382683432,-0.3425161
179.0707813,1.02907E-13,-1,-2.05813E-13,-0.062035052
179.2671308,-0.195090322,-0.98078528,0.382683432,0.220829969
179.4634803,-0.382683432,-0.923879533,0.707106781,0.495208617
179.6598299,-0.555570233,-0.831469612,0.923879533,0.750556677
179.8561794,-0.707106781,-0.707106781,1,0.977061264
180.052529,-0.831469612,-0.555570233,0.923879533,1.166017935
180.2488785,-0.923879533,-0.382683432,0.707106781,1.31016519
180.445228,-0.98078528,-0.195090322,0.382683432,1.403963532
180.6415776,-1,-1.6514E-13,3.30281E-13,1.443808343
180.8379271,-0.98078528,0.195090322,-0.382683432,1.428168409
181.0342767,-0.923879533,0.382683432,-0.707106781,1.357644763
181.2306262,-0.831469612,0.555570233,-0.923879533,1.234947591
181.4269757,-0.707106781,0.707106781,-1,1.064792076
181.6233253,-0.555570233,0.831469612,-0.923879533,0.853717198
181.8196748,-0.382683432,0.923879533,-0.707106781,0.609834447
182.0160244,-0.195090322,0.98078528,-0.382683432,0.3425161
182.2123739,-2.27374E-13,1,-4.54748E-13,0.062035052
182.4087234,0.195090322,0.98078528,0.382683432,-0.220829969
182.605073,0.382683432,0.923879533,0.707106781,-0.495208617
182.8014225,0.555570233,0.831469612,0.923879533,-0.750556677
182.9977721,0.707106781,0.707106781,1,-0.977061264
183.1941216,0.831469612,0.555570233,0.923879533,-1.166017935
183.3904712,0.923879533,0.382683432,0.707106781,-1.31016519
183.5868207,0.98078528,0.195090322,0.382683432,-1.403963532
183.7831702,1,2.89608E-13,5.79216E-13,-1.443808343
183.9795198,0.98078528,-0.195090322,-0.382683432,-1.428168409
184.1758693,0.923879533,-0.382683432,-0.707106781,-1.357644763
184.3722189,0.831469612,-0.555570233,-0.923879533,-1.234947591
184.5685684,0.707106781,-0.707106781,-1,-1.064792076
184.7649179,0.555570233,-0.831469612,-0.923879533,-0.853717198
184.9612675,0.382683432,-0.923879533,-0.707106781,-0.609834447
185.157617,0.195090322,-0.98078528,-0.382683432,-0.3425161
185.3539666,3.51842E-13,-1,-7.03683E-13,-0.062035052
185.5503161,-0.195090322,-0.98078528,0.382683432,0.220829969
185.7466656,-0.382683432,-0.923879533,0.707106781,0.495208617
185.9430152,-0.555570233,-0.831469612,0.923879533,0.750556677
186.1393647,-0.707106781,-0.707106781,1,0.977061264
186.3357143,-0.831469612,-0.555570233,0.923879533,1.166017935
186.5320638,-0.923879533,-0.382683432,0.707106781,1.31016519
186.7284133,-0.98078528,-0.195090322,0.382683432,1.403963532
186.9247629,-1,-4.14075E-13,8.28151E-13,1.443808343
187.1211124,-0.98078528,0.195090322,-0.382683432,1.428168409
187.317462,-0.923879533,0.382683432,-0.707106781,1.357644763
187.5138115,-0.831469612,0.555570233,-0.923879533,1.234947591
187.7101611,-0.707106781,0.707106781,-1,1.064792076
187.9065106,-0.555570233,0.831469612,-0.923879533,0.853717198
188.1028601,-0.382683432,0.923879533,-0.707106781,0.609834447
188.2992097,-0.195090322,0.98078528,-0.382683432,0.3425161
188.4955592,-4.76309E-13,1,-9.52618E-13,0.062035052
188.6919088,0.195090322,0.98078528,0.382683432,-0.220829969
188.8882583,0.382683432,0.923879533,0.707106781,-0.495208617
189.0846078,0.555570233,0.831469612,0.923879533,-0.750556677
189.2809574,0.707106781,0.707106781,1,-0.977061264
189.4773069,0.831469612,0.555570233,0.923879533,-1.166017935
189.6736565,0.923879533,0.382683432,0.707106781,-1.31016519
189.870006,0.98078528,0.195090322,0.382683432,-1.403963532
190.0663555,1,5.38543E-13,1.07709E-12,-1.443808343
190.2627051,0.98078528,-0.195090322,-0.382683432,-1.428168409
190.4590546,0.923879533,-0.382683432,-0.707106781,-1.357644763
190.6554042,0.831469612,-0.555570233,-0.923879533,-1.234947591
190.8517537,0.707106781,-0.707106781,-1,-1.064792076
191.0481032,0.555570233,-0.831469612,-0.923879533,-0.853717198
191.2444528,0.382683432,-0.923879533,-0.707106781,-0.609834447
191.4408023,0.195090322,-0.98078528,-0.382683432,-0.3425161
191.6371519,6.00777E-13,-1,-1.20155E-12,-0.062035052
191.8335014,-0.195090322,-0.98078528,0.382683432,0.220829969
192.029851,-0.382683432,-0.923879533,0.707106781,0.495208617
192.2262005,-0.555570233,-0.831469612,0.923879533,0.750556677
192.42255,-0.707106781,-0.707106781,1,0.977061264
192.6188996,-0.831469612,-0.555570233,0.923879533,1.166017935
192.8152491,-0.923879533,-0.382683432,0.707106781,1.31016519
193.0115987,-0.98078528,-0.195090322,0.382683432,1.403963532
193.2079482,-1,-6.6301E-13,1.32602E-12,1.443808343
193.4042977,-0.98078528,0.195090322,-0.382683432,1.428168409
193.6006473,-0.923879533,0.382683432,-0.707106781,1.357644763
193.7969968,-0.831469612,0.555570233,-0.923879533,1.234947591
193.9933464,-0.707106781,0.707106781,-1,1.064792076
194.1896959,-0.555570233,0.831469612,-0.923879533,0.853717198
194.3860454,-0.382683432,0.923879533,-0.707106781,0.609834447
194.582395,-0.195090322,0.98078528,-0.382683432,0.3425161
194.7787445,-7.25244E-13,1,-1.45049E-12,0.062035052
194.9750941,0.195090322,0.98078528,0.382683432,-0.220829969
195.1714436,0.382683432,0.923879533,0.707106781,-0.495208617
195.3677931,0.555570233,0.831469612,0.923879533,-0.750556677
195.5641427,0.707106781,0.707106781,1,-0.977061264
195.7604922,0.831469612,0.555570233,0.923879533,-1.166017935
195.9568418,0.923879533,0.382683432,0.707106781,-1.31016519
196.1531913,0.98078528,0.195090322,0.382683432,-1.403963532
196.3495408,1,7.87478E-13,1.57496E-12,-1.443808343
196.5458904,0.98078528,-0.195090322,-0.382683432,-1.428168409
196.7422399,0.923879533,-0.382683432,-0.707106781,-1.357644763
196.9385895,0.831469612,-0.555570233,-0.923879533,-1.234947591
197.134939,0.707106781,-0.707106781,-1,-1.064792076
197.3312886,0.555570233,-0.831469612,-0.923879533,-0.853717198
197.5276381,0.382683432,-0.923879533,-0.707106781,-0.609834447
197.7239876,0.195090322,-0.98078528,-0.382683432,-0.3425161
197.9203372,8.49712E-13,-1,-1.69942E-12,-0.062035052
198.1166867,-0.195090322,-0.98078528,0.382683432,0.220829969
198.3130363,-0.382683432,-0.923879533,0.707106781,0.495208617
198.5093858,-0.555570233,-0.831469612,0.923879533,0.750556677
198.7057353,-0.707106781,-0.707106781,1,0.977061264
198.9020849,-0.831469612,-0.555570233,0.923879533,1.166017935
199.0984344,-0.923879533,-0.382683432,0.707106781,1.31016519
199.294784,-0.98078528,-0.195090322,0.382683432,1.403963532
199.4911335,-1,-9.11945E-13,1.82389E-12,1.443808343
199.687483,-0.98078528,0.195090322,-0.382683432,1.428168409
199.8838326,-0.923879533,0.382683432,-0.707106781,1.357644763
200.0801821,-0.831469612,0.555570233,-0.923879533,1.234947591
200.2765317,-0.707106781,0.707106781,-1,1.064792076
200.4728812,-0.555570233,0.831469612,-0.923879533,0.853717198
200.6692307,-0.382683432,0.923879533,-0.707106781,0.609834447
200.8655803,-0.195090322,0.98078528,-0.382683432,0.3425161
201.0619298,-9.74179E-13,1,-1.94836E-12,0.062035052
201.2582794,0.195090322,0.98078528,0.382683432,-0.220829969
201.4546289,0.382683432,0.923879533,0.707106781,-0.495208617
201.6509785,0.555570233,0.831469612,0.923879533,-0.750556677
201.847328,0.707106781,0.707106781,1,-0.977061264
202.0436775,0.831469612,0.555570233,0.923879533,-1.166017935
202.2400271,0.923879533,0.382683432,0.707106781,-1.31016519
202.4363766,0.98078528,0.195090322,0.382683432,-1.403963532
202.6327262,1,1.03641E-12,2.07283E-12,-1.443808343
202.8290757,0.98078528,-0.195090322,-0.382683432,-1.428168409
203.0254252,0.923879533,-0.382683432,-0.707106781,-1.357644763
203.2217748,0.831469612,-0.555570233,-0.923879533,-1.234947591
203.4181243,0.707106781,-0.707106781,-1,-1.064792076
203.6144739,0.555570233,-0.831469612,-0.923879533,-0.853717198
203.8108234,0.382683432,-0.923879533,-0.707106781,-0.609834447
204.0071729,0.195090322,-0.98078528,-0.382683432,-0.3425161
204.2035225,1.09865E-12,-1,-2.19729E-12,-0.062035052
204.399872,-0.195090322,-0.98078528,0.382683432,0.220829969
204.5962216,-0.382683432,-0.923879533,0.707106781,0.495208617
204.7925711,-0.555570233,-0.831469612,0.923879533,0.750556677
204.9889206,-0.707106781,-0.707106781,1,0.977061264
205.1852702,-0.831469612,-0.555570233,0.923879533,1.166017935
205.3816197,-0.923879533,-0.382683432,0.707106781,1.31016519
205.5779693,-0.98078528,-0.195090322,0.382683432,1.403963532
205.7743188,-1,-1.16088E-12,2.32176E-12,1.443808343
205.9706684,-0.98078528,0.195090322,-0.382683432,1.428168409
206.1670179,-0.923879533,0.382683432,-0.707106781,1.357644763
206.3633674,-0.831469612,0.555570233,-0.923879533,1.234947591
206.559717,-0.707106781,0.707106781,-1,1.064792076
206.7560665,-0.555570233,0.831469612,-0.923879533,0.853717198
206.9524161,-0.382683432,0.923879533,-0.707106781,0.609834447
207.1487656,-0.195090322,0.98078528,-0.382683432,0.3425161
207.3451151,-1.22311E-12,1,-2.44623E-12,0.062035052
207.5414647,0.195090322,0.98078528,0.382683432,-0.220829969
207.7378142,0.382683432,0.923879533,0.707106781,-0.495208617
207.9341638,0.555570233,0.831469612,0.923879533,-0.750556677
208.1305133,0.707106781,0.707106781,1,-0.977061264
208.3268628,0.831469612,0.555570233,0.923879533,-1.166017935
208.5232124,0.923879533,0.382683432,0.707106781,-1.31016519
208.7195619,0.98078528,0.195090322,0.382683432,-1.403963532
208.9159115,1,1.28535E-12,2.5707E-12,-1.443808343
209.112261,0.98078528,-0.195090322,-0.382683432,-1.428168409
209.3086105,0.923879533,-0.382683432,-0.707106781,-1.357644763
209.5049601,0.831469612,-0.555570233,-0.923879533,-1.234947591
209.7013096,0.707106781,-0.707106781,-1,-1.064792076
209.8976592,0.555570233,-0.831469612,-0.923879533,-0.853717198
210.0940087,0.382683432,-0.923879533,-0.707106781,-0.609834447
210.2903582,0.195090322,-0.98078528,-0.382683432,-0.3425161
210.4867078,1.34758E-12,-1,-2.69516E-12,-0.062035052
210.6830573,-0.195090322,-0.98078528,0.382683432,0.220829969
210.8794069,-0.382683432,-0.923879533,0.707106781,0.495208617
211.0757564,-0.555570233,-0.831469612,0.923879533,0.750556677
211.272106,-0.707106781,-0.707106781,1,0.977061264
211.4684555,-0.831469612,-0.555570233,0.923879533,1.166017935
211.664805,-0.923879533,-0.382683432,0.707106781,1.31016519
211.8611546,-0.98078528,-0.195090322,0.382683432,1.403963532
212.0575041,-1,-1.40982E-12,2.81963E-12,1.443808343
212.2538537,-0.98078528,0.195090322,-0.382683432,1.428168409
212.4502032,-0.923879533,0.382683432,-0.707106781,1.357644763
212.6465527,-0.831469612,0.555570233,-0.923879533,1.234947591
212.8429023,-0.707106781,0.707106781,-1,1.064792076
213.0392518,-0.555570233,0.831469612,-0.923879533,0.853717198
213.2356014,-0.382683432,0.923879533,-0.707106781,0.609834447
213.4319509,-0.195090322,0.98078528,-0.382683432,0.3425161
213.6283004,-1.47205E-12,1,-2.9441E-12,0.062035052
213.82465,0.195090322,0.98078528,0.382683432,-0.220829969
214.0209995,0.382683432,0.923879533,0.707106781,-0.495208617
214.2173491,0.555570233,0.831469612,0.923879533,-0.750556677
214.4136986,0.707106781,0.707106781,1,-0.977061264
214.6100481,0.831469612,0.555570233,0.923879533,-1.166017935
214.8063977,0.923879533,0.382683432,0.707106781,-1.31016519
215.0027472,0.98078528,0.195090322,0.382683432,-1.403963532
215.1990968,1,1.53428E-12,3.06857E-12,-1.443808343
215.3954463,0.98078528,-0.195090322,-0.382683432,-1.428168409
215.5917959,0.923879533,-0.382683432,-0.707106781,-1.357644763
215.7881454,0.831469612,-0.555570233,-0.923879533,-1.234947591
215.9844949,0.707106781,-0.707106781,-1,-1.064792076
216.1808445,0.555570233,-0.831469612,-0.923879533,-0.853717198
216.377194,0.382683432,-0.923879533,-0.707106781,-0.609834447
216.5735436,0.195090322,-0.98078528,-0.382683432,-0.3425161
216.7698931,1.59652E-12,-1,-3.19303E-12,-0.062035052
216.9662426,-0.195090322,-0.98078528,0.382683432,0.220829969
217.1625922,-0.382683432,-0.923879533,0.707106781,0.495208617
217.3589417,-0.555570233,-0.831469612,0.923879533,0.750556677
217.5552913,-0.707106781,-0.707106781,1,0.977061264
217.7516408,-0.831469612,-0.555570233,0.923879533,1.166017935
217.9479903,-0.923879533,-0.382683432,0.707106781,1.31016519
218.1443399,-0.98078528,-0.195090322,0.382683432,1.403963532
218.3406894,-1,-1.65875E-12,3.3175E-12,1.443808343
218.537039,-0.98078528,0.195090322,-0.382683432,1.428168409
218.7333885,-0.923879533,0.382683432,-0.707106781,1.357644763
218.929738,-0.831469612,0.555570233,-0.923879533,1.234947591
219.1260876,-0.707106781,0.707106781,-1,1.064792076
219.3224371,-0.555570233,0.831469612,-0.923879533,0.853717198
219.5187867,-0.382683432,0.923879533,-0.707106781,0.609834447
219.7151362,-0.195090322,0.98078528,-0.382683432,0.3425161
