x,sine,cosine,
0,0,1,
0.196349541,0.195090322,0.98078528,
0.392699082,0.382683432,0.923879533,
0.589048623,0.555570233,0.831469612,
0.785398163,0.707106781,0.707106781,
0.981747704,0.831469612,0.555570233,
1.178097245,0.923879533,0.382683432,
1.374446786,0.98078528,0.195090322,
1.570796327,1,6.13E-17,
1.767145868,0.98078528,-0.195090322,
1.963495408,0.923879533,-0.382683432,
2.159844949,0.831469612,-0.555570233,
2.35619449,0.707106781,-0.707106781,
2.552544031,0.555570233,-0.831469612,
2.748893572,0.382683432,-0.923879533,
2.945243113,0.195090322,-0.98078528,
3.141592654,-7.66E-16,-1,
3.337942194,-0.195090322,-0.98078528,
3.534291735,-0.382683432,-0.923879533,
3.730641276,-0.555570233,-0.831469612,
3.926990817,-0.707106781,-0.707106781,
4.123340358,-0.831469612,-0.555570233,
4.319689899,-0.923879533,-0.382683432,
4.51603944,-0.98078528,-0.195090322,
4.71238898,-1,2.48E-15,
4.908738521,-0.98078528,0.195090322,
5.105088062,-0.923879533,0.382683432,
5.301437603,-0.831469612,0.555570233,
5.497787144,-0.707106781,0.707106781,
5.694136685,-0.555570233,0.831469612,
5.890486225,-0.382683432,0.923879533,
6.086835766,-0.195090322,0.98078528,
6.283185307,4.20E-15,1,
6.479534848,0.195090322,0.98078528,
6.675884389,0.382683432,0.923879533,
6.87223393,0.555570233,0.831469612,
7.068583471,0.707106781,0.707106781,
7.264933011,0.831469612,0.555570233,
7.461282552,0.923879533,0.382683432,
7.657632093,0.98078528,0.195090322,
7.853981634,1,-5.91E-15,
8.050331175,0.98078528,-0.195090322,
8.246680716,0.923879533,-0.382683432,
8.443030257,0.831469612,-0.555570233,
8.639379797,0.707106781,-0.707106781,
8.835729338,0.555570233,-0.831469612,
9.032078879,0.382683432,-0.923879533,
9.22842842,0.195090322,-0.98078528,
9.424777961,-1.41E-15,-1,
9.621127502,-0.195090322,-0.98078528,
9.817477042,-0.382683432,-0.923879533,
10.01382658,-0.555570233,-0.831469612,
10.21017612,-0.707106781,-0.707106781,
10.40652567,-0.831469612,-0.555570233,
10.60287521,-0.923879533,-0.382683432,
10.79922475,-0.98078528,-0.195090322,
10.99557429,-1,-3.98E-15,
11.19192383,-0.98078528,0.195090322,
11.38827337,-0.923879533,0.382683432,
11.58462291,-0.831469612,0.555570233,
11.78097245,-0.707106781,0.707106781,
11.97732199,-0.555570233,0.831469612,
12.17367153,-0.382683432,0.923879533,
12.37002107,-0.195090322,0.98078528,
12.56637061,-9.37E-15,1,
12.76272016,0.195090322,0.98078528,
12.9590697,0.382683432,0.923879533,
13.15541924,0.555570233,0.831469612,
13.35176878,0.707106781,0.707106781,
13.54811832,0.831469612,0.555570233,
13.74446786,0.923879533,0.382683432,
13.9408174,0.98078528,0.195090322,
14.13716694,1,1.48E-14,
14.33351648,0.98078528,-0.195090322,
14.52986602,0.923879533,-0.382683432,
14.72621556,0.831469612,-0.555570233,
14.9225651,0.707106781,-0.707106781,
15.11891465,0.555570233,-0.831469612,
15.31526419,0.382683432,-0.923879533,
15.51161373,0.195090322,-0.98078528,
15.70796327,2.02E-14,-1,
15.90431281,-0.195090322,-0.98078528,
16.10066235,-0.382683432,-0.923879533,
16.29701189,-0.555570233,-0.831469612,
16.49336143,-0.707106781,-0.707106781,
16.68971097,-0.831469612,-0.555570233,
16.88606051,-0.923879533,-0.382683432,
17.08241005,-0.98078528,-0.195090322,
17.27875959,-1,-2.38E-14,
17.47510914,-0.98078528,0.195090322,
17.67145868,-0.923879533,0.382683432,
17.86780822,-0.831469612,0.555570233,
18.06415776,-0.707106781,0.707106781,
18.2605073,-0.555570233,0.831469612,
18.45685684,-0.382683432,0.923879533,
18.65320638,-0.195090322,0.98078528,
18.84955592,-2.92E-14,1,
19.04590546,0.195090322,0.98078528,
19.242255,0.382683432,0.923879533,
19.43860454,0.555570233,0.831469612,
19.63495408,0.707106781,0.707106781,
19.83130363,0.831469612,0.555570233,
20.02765317,0.923879533,0.382683432,
20.22400271,0.98078528,0.195090322,
20.42035225,1,3.45E-14,
20.61670179,0.98078528,-0.195090322,
20.81305133,0.923879533,-0.382683432,
21.00940087,0.831469612,-0.555570233,
21.20575041,0.707106781,-0.707106781,
21.40209995,0.555570233,-0.831469612,
21.59844949,0.382683432,-0.923879533,
21.79479903,0.195090322,-0.98078528,
21.99114858,3.99E-14,-1,
22.18749812,-0.195090322,-0.98078528,
22.38384766,-0.382683432,-0.923879533,
22.5801972,-0.555570233,-0.831469612,
22.77654674,-0.707106781,-0.707106781,
22.97289628,-0.831469612,-0.555570233,
23.16924582,-0.923879533,-0.382683432,
23.36559536,-0.98078528,-0.195090322,
23.5619449,-1,-4.53E-14,
23.75829444,-0.98078528,0.195090322,
23.95464398,-0.923879533,0.382683432,
24.15099352,-0.831469612,0.555570233,
24.34734307,-0.707106781,0.707106781,
24.54369261,-0.555570233,0.831469612,
24.74004215,-0.382683432,0.923879533,
24.93639169,-0.195090322,0.98078528,
25.13274123,-5.07E-14,1,
25.32909077,0.195090322,0.98078528,
25.52544031,0.382683432,0.923879533,
25.72178985,0.555570233,0.831469612,
25.91813939,0.707106781,0.707106781,
26.11448893,0.831469612,0.555570233,
26.31083847,0.923879533,0.382683432,
26.50718801,0.98078528,0.195090322,
26.70353756,1,5.61E-14,
26.8998871,0.98078528,-0.195090322,
27.09623664,0.923879533,-0.382683432,
27.29258618,0.831469612,-0.555570233,
27.48893572,0.707106781,-0.707106781,
27.68528526,0.555570233,-0.831469612,
27.8816348,0.382683432,-0.923879533,
28.07798434,0.195090322,-0.98078528,
28.27433388,6.15E-14,-1,
28.47068342,-0.195090322,-0.98078528,
28.66703296,-0.382683432,-0.923879533,
28.8633825,-0.555570233,-0.831469612,
29.05973205,-0.707106781,-0.707106781,
29.25608159,-0.831469612,-0.555570233,
29.45243113,-0.923879533,-0.382683432,
29.64878067,-0.98078528,-0.195090322,
29.84513021,-1,-6.69E-14,
30.04147975,-0.98078528,0.195090322,
30.23782929,-0.923879533,0.382683432,
30.43417883,-0.831469612,0.555570233,
30.63052837,-0.707106781,0.707106781,
30.82687791,-0.555570233,0.831469612,
31.02322745,-0.382683432,0.923879533,
31.219577,-0.195090322,0.98078528,
31.41592654,-7.23E-14,1,
31.61227608,0.195090322,0.98078528,
31.80862562,0.382683432,0.923879533,
32.00497516,0.555570233,0.831469612,
32.2013247,0.707106781,0.707106781,
32.39767424,0.831469612,0.555570233,
32.59402378,0.923879533,0.382683432,
32.79037332,0.98078528,0.195090322,
32.98672286,1,7.77E-14,
33.1830724,0.98078528,-0.195090322,
33.37942194,0.923879533,-0.382683432,
33.57577149,0.831469612,-0.555570233,
33.77212103,0.707106781,-0.707106781,
33.96847057,0.555570233,-0.831469612,
34.16482011,0.382683432,-0.923879533,
34.36116965,0.195090322,-0.98078528,
34.55751919,8.31E-14,-1,
34.75386873,-0.195090322,-0.98078528,
34.95021827,-0.382683432,-0.923879533,
35.14656781,-0.555570233,-0.831469612,
35.34291735,-0.707106781,-0.707106781,
35.53926689,-0.831469612,-0.555570233,
35.73561643,-0.923879533,-0.382683432,
35.93196598,-0.98078528,-0.195090322,
36.12831552,-1,-8.85E-14,
36.32466506,-0.98078528,0.195090322,
36.5210146,-0.923879533,0.382683432,
36.71736414,-0.831469612,0.555570233,
36.91371368,-0.707106781,0.707106781,
37.11006322,-0.555570233,0.831469612,
37.30641276,-0.382683432,0.923879533,
37.5027623,-0.195090322,0.98078528,
37.69911184,-9.38E-14,1,
37.89546138,0.195090322,0.98078528,
38.09181092,0.382683432,0.923879533,
38.28816047,0.555570233,0.831469612,
38.48451001,0.707106781,0.707106781,
38.68085955,0.831469612,0.555570233,
38.87720909,0.923879533,0.382683432,
39.07355863,0.98078528,0.195090322,
39.26990817,1,9.92E-14,
39.46625771,0.98078528,-0.195090322,
39.66260725,0.923879533,-0.382683432,
39.85895679,0.831469612,-0.555570233,
40.05530633,0.707106781,-0.707106781,
40.25165587,0.555570233,-0.831469612,
40.44800541,0.382683432,-0.923879533,
40.64435496,0.195090322,-0.98078528,
40.8407045,1.05E-13,-1,
41.03705404,-0.195090322,-0.98078528,
41.23340358,-0.382683432,-0.923879533,
41.42975312,-0.555570233,-0.831469612,
41.62610266,-0.707106781,-0.707106781,
41.8224522,-0.831469612,-0.555570233,
42.01880174,-0.923879533,-0.382683432,
42.21515128,-0.98078528,-0.195090322,
42.41150082,-1,-1.10E-13,
42.60785036,-0.98078528,0.195090322,
42.80419991,-0.923879533,0.382683432,
43.00054945,-0.831469612,0.555570233,
43.19689899,-0.707106781,0.707106781,
43.39324853,-0.555570233,0.831469612,
43.58959807,-0.382683432,0.923879533,
43.78594761,-0.195090322,0.98078528,
43.98229715,-1.15E-13,1,
44.17864669,0.195090322,0.98078528,
44.37499623,0.382683432,0.923879533,
44.57134577,0.555570233,0.831469612,
44.76769531,0.707106781,0.707106781,
44.96404485,0.831469612,0.555570233,
45.1603944,0.923879533,0.382683432,
45.35674394,0.98078528,0.195090322,
45.55309348,1,1.21E-13,
45.74944302,0.98078528,-0.195090322,
45.94579256,0.923879533,-0.382683432,
46.1421421,0.831469612,-0.555570233,
46.33849164,0.707106781,-0.707106781,
46.53484118,0.555570233,-0.831469612,
46.73119072,0.382683432,-0.923879533,
46.92754026,0.195090322,-0.98078528,
47.1238898,1.26E-13,-1,
47.32023934,-0.195090322,-0.98078528,
47.51658889,-0.382683432,-0.923879533,
47.71293843,-0.555570233,-0.831469612,
47.90928797,-0.707106781,-0.707106781,
48.10563751,-0.831469612,-0.555570233,
48.30198705,-0.923879533,-0.382683432,
48.49833659,-0.98078528,-0.195090322,
48.69468613,-1,-1.32E-13,
48.89103567,-0.98078528,0.195090322,
49.08738521,-0.923879533,0.382683432,
49.28373475,-0.831469612,0.555570233,
49.48008429,-0.707106781,0.707106781,
49.67643383,-0.555570233,0.831469612,
49.87278338,-0.382683432,0.923879533,
50.06913292,-0.195090322,0.98078528,
50.26548246,-1.37E-13,1,
50.461832,0.195090322,0.98078528,
50.65818154,0.382683432,0.923879533,
50.85453108,0.555570233,0.831469612,
51.05088062,0.707106781,0.707106781,
51.24723016,0.831469612,0.555570233,
51.4435797,0.923879533,0.382683432,
51.63992924,0.98078528,0.195090322,
51.83627878,1,1.42E-13,
52.03262833,0.98078528,-0.195090322,
52.22897787,0.923879533,-0.382683432,
52.42532741,0.831469612,-0.555570233,
52.62167695,0.707106781,-0.707106781,
52.81802649,0.555570233,-0.831469612,
53.01437603,0.382683432,-0.923879533,
53.21072557,0.195090322,-0.98078528,
53.40707511,1.48E-13,-1,
53.60342465,-0.195090322,-0.98078528,
53.79977419,-0.382683432,-0.923879533,
53.99612373,-0.555570233,-0.831469612,
54.19247327,-0.707106781,-0.707106781,
54.38882282,-0.831469612,-0.555570233,
54.58517236,-0.923879533,-0.382683432,
54.7815219,-0.98078528,-0.195090322,
54.97787144,-1,-1.53E-13,
55.17422098,-0.98078528,0.195090322,
55.37057052,-0.923879533,0.382683432,
55.56692006,-0.831469612,0.555570233,
55.7632696,-0.707106781,0.707106781,
55.95961914,-0.555570233,0.831469612,
56.15596868,-0.382683432,0.923879533,
56.35231822,-0.195090322,0.98078528,
56.54866776,-1.59E-13,1,
56.74501731,0.195090322,0.98078528,
56.94136685,0.382683432,0.923879533,
57.13771639,0.555570233,0.831469612,
57.33406593,0.707106781,0.707106781,
57.53041547,0.831469612,0.555570233,
57.72676501,0.923879533,0.382683432,
57.92311455,0.98078528,0.195090322,
58.11946409,1,1.64E-13,
58.31581363,0.98078528,-0.195090322,
58.51216317,0.923879533,-0.382683432,
58.70851271,0.831469612,-0.555570233,
58.90486225,0.707106781,-0.707106781,
59.1012118,0.555570233,-0.831469612,
59.29756134,0.382683432,-0.923879533,
59.49391088,0.195090322,-0.98078528,
59.69026042,1.69E-13,-1,
59.88660996,-0.195090322,-0.98078528,
60.0829595,-0.382683432,-0.923879533,
60.27930904,-0.555570233,-0.831469612,
60.47565858,-0.707106781,-0.707106781,
60.67200812,-0.831469612,-0.555570233,
60.86835766,-0.923879533,-0.382683432,
61.0647072,-0.98078528,-0.195090322,
61.26105675,-1,-1.75E-13,
61.45740629,-0.98078528,0.195090322,
61.65375583,-0.923879533,0.382683432,
61.85010537,-0.831469612,0.555570233,
62.04645491,-0.707106781,0.707106781,
62.24280445,-0.555570233,0.831469612,
62.43915399,-0.382683432,0.923879533,
62.63550353,-0.195090322,0.98078528,
62.83185307,-1.80E-13,1,
63.02820261,0.195090322,0.98078528,
63.22455215,0.382683432,0.923879533,
63.42090169,0.555570233,0.831469612,
63.61725124,0.707106781,0.707106781,
63.81360078,0.831469612,0.555570233,
64.00995032,0.923879533,0.382683432,
64.20629986,0.98078528,0.195090322,
64.4026494,1,1.64E-13,
64.59899894,0.98078528,-0.195090322,
64.79534848,0.923879533,-0.382683432,
64.99169802,0.831469612,-0.555570233,
65.18804756,0.707106781,-0.707106781,
65.3843971,0.555570233,-0.831469612,
65.58074664,0.382683432,-0.923879533,
65.77709618,0.195090322,-0.98078528,
65.97344573,1.13E-13,-1,
66.16979527,-0.195090322,-0.98078528,
66.36614481,-0.382683432,-0.923879533,
66.56249435,-0.555570233,-0.831469612,
66.75884389,-0.707106781,-0.707106781,
66.95519343,-0.831469612,-0.555570233,
67.15154297,-0.923879533,-0.382683432,
67.34789251,-0.98078528,-0.195090322,
67.54424205,-1,-6.13E-14,
67.74059159,-0.98078528,0.195090322,
67.93694113,-0.923879533,0.382683432,
68.13329067,-0.831469612,0.555570233,
68.32964022,-0.707106781,0.707106781,
68.52598976,-0.555570233,0.831469612,
68.7223393,-0.382683432,0.923879533,
68.91868884,-0.195090322,0.98078528,
69.11503838,-9.80E-15,1,
69.31138792,0.195090322,0.98078528,
69.50773746,0.382683432,0.923879533,
69.704087,0.555570233,0.831469612,
69.90043654,0.707106781,0.707106781,
70.09678608,0.831469612,0.555570233,
70.29313562,0.923879533,0.382683432,
70.48948516,0.98078528,0.195090322,
70.68583471,1,-4.17E-14,
70.88218425,0.98078528,-0.195090322,
71.07853379,0.923879533,-0.382683432,
71.27488333,0.831469612,-0.555570233,
71.47123287,0.707106781,-0.707106781,
71.66758241,0.555570233,-0.831469612,
71.86393195,0.382683432,-0.923879533,
72.06028149,0.195090322,-0.98078528,
72.25663103,-9.31E-14,-1,
72.45298057,-0.195090322,-0.98078528,
72.64933011,-0.382683432,-0.923879533,
72.84567966,-0.555570233,-0.831469612,
73.0420292,-0.707106781,-0.707106781,
73.23837874,-0.831469612,-0.555570233,
73.43472828,-0.923879533,-0.382683432,
73.63107782,-0.98078528,-0.195090322,
73.82742736,-1,1.45E-13,
74.0237769,-0.98078528,0.195090322,
74.22012644,-0.923879533,0.382683432,
74.41647598,-0.831469612,0.555570233,
74.61282552,-0.707106781,0.707106781,
74.80917506,-0.555570233,0.831469612,
75.0055246,-0.382683432,0.923879533,
75.20187415,-0.195090322,0.98078528,
75.39822369,1.96E-13,1,
75.59457323,0.195090322,0.98078528,
75.79092277,0.382683432,0.923879533,
75.98727231,0.555570233,0.831469612,
76.18362185,0.707106781,0.707106781,
76.37997139,0.831469612,0.555570233,
76.57632093,0.923879533,0.382683432,
76.77267047,0.98078528,0.195090322,
76.96902001,1,-2.47E-13,
77.16536955,0.98078528,-0.195090322,
77.36171909,0.923879533,-0.382683432,
77.55806864,0.831469612,-0.555570233,
77.75441818,0.707106781,-0.707106781,
77.95076772,0.555570233,-0.831469612,
78.14711726,0.382683432,-0.923879533,
78.3434668,0.195090322,-0.98078528,
78.53981634,-2.99E-13,-1,
78.73616588,-0.195090322,-0.98078528,
78.93251542,-0.382683432,-0.923879533,
79.12886496,-0.555570233,-0.831469612,
79.3252145,-0.707106781,-0.707106781,
79.52156404,-0.831469612,-0.555570233,
79.71791358,-0.923879533,-0.382683432,
79.91426313,-0.98078528,-0.195090322,
80.11061267,-1,3.50E-13,
80.30696221,-0.98078528,0.195090322,
80.50331175,-0.923879533,0.382683432,
80.69966129,-0.831469612,0.555570233,
80.89601083,-0.707106781,0.707106781,
81.09236037,-0.555570233,0.831469612,
81.28870991,-0.382683432,0.923879533,
81.48505945,-0.195090322,0.98078528,
81.68140899,4.02E-13,1,
81.87775853,0.195090322,0.98078528,
82.07410808,0.382683432,0.923879533,
82.27045762,0.555570233,0.831469612,
82.46680716,0.707106781,0.707106781,
82.6631567,0.831469612,0.555570233,
82.85950624,0.923879533,0.382683432,
83.05585578,0.98078528,0.195090322,
83.25220532,1,-4.53E-13,
83.44855486,0.98078528,-0.195090322,
83.6449044,0.923879533,-0.382683432,
83.84125394,0.831469612,-0.555570233,
84.03760348,0.707106781,-0.707106781,
84.23395302,0.555570233,-0.831469612,
84.43030257,0.382683432,-0.923879533,
84.62665211,0.195090322,-0.98078528,
84.82300165,-5.05E-13,-1,
85.01935119,-0.195090322,-0.98078528,
85.21570073,-0.382683432,-0.923879533,
85.41205027,-0.555570233,-0.831469612,
85.60839981,-0.707106781,-0.707106781,
85.80474935,-0.831469612,-0.555570233,
86.00109889,-0.923879533,-0.382683432,
86.19744843,-0.98078528,-0.195090322,
86.39379797,-1,5.56E-13,
86.59014751,-0.98078528,0.195090322,
86.78649706,-0.923879533,0.382683432,
86.9828466,-0.831469612,0.555570233,
87.17919614,-0.707106781,0.707106781,
87.37554568,-0.555570233,0.831469612,
87.57189522,-0.382683432,0.923879533,
87.76824476,-0.195090322,0.98078528,
87.9645943,6.08E-13,1,
88.16094384,0.195090322,0.98078528,
88.35729338,0.382683432,0.923879533,
88.55364292,0.555570233,0.831469612,
88.74999246,0.707106781,0.707106781,
88.946342,0.831469612,0.555570233,
89.14269155,0.923879533,0.382683432,
89.33904109,0.98078528,0.195090322,
89.53539063,1,-6.59E-13,
89.73174017,0.98078528,-0.195090322,
89.92808971,0.923879533,-0.382683432,
90.12443925,0.831469612,-0.555570233,
90.32078879,0.707106781,-0.707106781,
90.51713833,0.555570233,-0.831469612,
90.71348787,0.382683432,-0.923879533,
90.90983741,0.195090322,-0.98078528,
91.10618695,-7.11E-13,-1,
91.30253649,-0.195090322,-0.98078528,
91.49888604,-0.382683432,-0.923879533,
91.69523558,-0.555570233,-0.831469612,
91.89158512,-0.707106781,-0.707106781,
92.08793466,-0.831469612,-0.555570233,
92.2842842,-0.923879533,-0.382683432,
92.48063374,-0.98078528,-0.195090322,
92.67698328,-1,7.62E-13,
92.87333282,-0.98078528,0.195090322,
93.06968236,-0.923879533,0.382683432,
93.2660319,-0.831469612,0.555570233,
93.46238144,-0.707106781,0.707106781,
93.65873099,-0.555570233,0.831469612,
93.85508053,-0.382683432,0.923879533,
94.05143007,-0.195090322,0.98078528,
94.24777961,8.13E-13,1,
94.44412915,0.195090322,0.98078528,
94.64047869,0.382683432,0.923879533,
94.83682823,0.555570233,0.831469612,
95.03317777,0.707106781,0.707106781,
95.22952731,0.831469612,0.555570233,
95.42587685,0.923879533,0.382683432,
95.62222639,0.98078528,0.195090322,
95.81857593,1,-8.65E-13,
96.01492548,0.98078528,-0.195090322,
96.21127502,0.923879533,-0.382683432,
96.40762456,0.831469612,-0.555570233,
96.6039741,0.707106781,-0.707106781,
96.80032364,0.555570233,-0.831469612,
96.99667318,0.382683432,-0.923879533,
97.19302272,0.195090322,-0.98078528,
97.38937226,-9.16E-13,-1,
97.5857218,-0.195090322,-0.98078528,
97.78207134,-0.382683432,-0.923879533,
97.97842088,-0.555570233,-0.831469612,
98.17477042,-0.707106781,-0.707106781,
98.37111997,-0.831469612,-0.555570233,
98.56746951,-0.923879533,-0.382683432,
98.76381905,-0.98078528,-0.195090322,
98.96016859,-1,9.68E-13,
99.15651813,-0.98078528,0.195090322,
99.35286767,-0.923879533,0.382683432,
99.54921721,-0.831469612,0.555570233,
99.74556675,-0.707106781,0.707106781,
99.94191629,-0.555570233,0.831469612,
100.1382658,-0.382683432,0.923879533,
100.3346154,-0.195090322,0.98078528,
100.5309649,1.02E-12,1,
100.7273145,0.195090322,0.98078528,
100.923664,0.382683432,0.923879533,
101.1200135,0.555570233,0.831469612,
101.3163631,0.707106781,0.707106781,
101.5127126,0.831469612,0.555570233,
101.7090622,0.923879533,0.382683432,
101.9054117,0.98078528,0.195090322,
102.1017612,1,-1.07E-12,
102.2981108,0.98078528,-0.195090322,
102.4944603,0.923879533,-0.382683432,
102.6908099,0.831469612,-0.555570233,
102.8871594,0.707106781,-0.707106781,
103.0835089,0.555570233,-0.831469612,
103.2798585,0.382683432,-0.923879533,
103.476208,0.195090322,-0.98078528,
103.6725576,-1.12E-12,-1,
103.8689071,-0.195090322,-0.98078528,
104.0652567,-0.382683432,-0.923879533,
104.2616062,-0.555570233,-0.831469612,
104.4579557,-0.707106781,-0.707106781,
104.6543053,-0.831469612,-0.555570233,
104.8506548,-0.923879533,-0.382683432,
105.0470044,-0.98078528,-0.195090322,
105.2433539,-1,1.17E-12,
105.4397034,-0.98078528,0.195090322,
105.636053,-0.923879533,0.382683432,
105.8324025,-0.831469612,0.555570233,
106.0287521,-0.707106781,0.707106781,
106.2251016,-0.555570233,0.831469612,
106.4214511,-0.382683432,0.923879533,
106.6178007,-0.195090322,0.98078528,
106.8141502,1.23E-12,1,
107.0104998,0.195090322,0.98078528,
107.2068493,0.382683432,0.923879533,
107.4031988,0.555570233,0.831469612,
107.5995484,0.707106781,0.707106781,
107.7958979,0.831469612,0.555570233,
107.9922475,0.923879533,0.382683432,
108.188597,0.98078528,0.195090322,
108.3849465,1,-1.28E-12,
108.5812961,0.98078528,-0.195090322,
108.7776456,0.923879533,-0.382683432,
108.9739952,0.831469612,-0.555570233,
109.1703447,0.707106781,-0.707106781,
109.3666943,0.555570233,-0.831469612,
109.5630438,0.382683432,-0.923879533,
109.7593933,0.195090322,-0.98078528,
109.9557429,-1.33E-12,-1,
110.1520924,-0.195090322,-0.98078528,
110.348442,-0.382683432,-0.923879533,
110.5447915,-0.555570233,-0.831469612,
110.741141,-0.707106781,-0.707106781,
110.9374906,-0.831469612,-0.555570233,
111.1338401,-0.923879533,-0.382683432,
111.3301897,-0.98078528,-0.195090322,
111.5265392,-1,1.38E-12,
111.7228887,-0.98078528,0.195090322,
111.9192383,-0.923879533,0.382683432,
112.1155878,-0.831469612,0.555570233,
112.3119374,-0.707106781,0.707106781,
112.5082869,-0.555570233,0.831469612,
112.7046364,-0.382683432,0.923879533,
112.900986,-0.195090322,0.98078528,
113.0973355,1.43E-12,1,
113.2936851,0.195090322,0.98078528,
113.4900346,0.382683432,0.923879533,
113.6863842,0.555570233,0.831469612,
113.8827337,0.707106781,0.707106781,
114.0790832,0.831469612,0.555570233,
114.2754328,0.923879533,0.382683432,
114.4717823,0.98078528,0.195090322,
114.6681319,1,-1.48E-12,
114.8644814,0.98078528,-0.195090322,
115.0608309,0.923879533,-0.382683432,
115.2571805,0.831469612,-0.555570233,
115.45353,0.707106781,-0.707106781,
115.6498796,0.555570233,-0.831469612,
115.8462291,0.382683432,-0.923879533,
116.0425786,0.195090322,-0.98078528,
116.2389282,-1.53E-12,-1,
116.4352777,-0.195090322,-0.98078528,
116.6316273,-0.382683432,-0.923879533,
116.8279768,-0.555570233,-0.831469612,
117.0243263,-0.707106781,-0.707106781,
117.2206759,-0.831469612,-0.555570233,
117.4170254,-0.923879533,-0.382683432,
117.613375,-0.98078528,-0.195090322,
117.8097245,-1,1.59E-12,
118.0060741,-0.98078528,0.195090322,
118.2024236,-0.923879533,0.382683432,
118.3987731,-0.831469612,0.555570233,
118.5951227,-0.707106781,0.707106781,
118.7914722,-0.555570233,0.831469612,
118.9878218,-0.382683432,0.923879533,
119.1841713,-0.195090322,0.98078528,
119.3805208,1.64E-12,1,
119.5768704,0.195090322,0.98078528,
119.7732199,0.382683432,0.923879533,
119.9695695,0.555570233,0.831469612,
120.165919,0.707106781,0.707106781,
120.3622685,0.831469612,0.555570233,
120.5586181,0.923879533,0.382683432,
120.7549676,0.98078528,0.195090322,
120.9513172,1,-1.69E-12,
121.1476667,0.98078528,-0.195090322,
121.3440162,0.923879533,-0.382683432,
121.5403658,0.831469612,-0.555570233,
121.7367153,0.707106781,-0.707106781,
121.9330649,0.555570233,-0.831469612,
122.1294144,0.382683432,-0.923879533,
122.3257639,0.195090322,-0.98078528,
122.5221135,-1.74E-12,-1,
122.718463,-0.195090322,-0.98078528,
122.9148126,-0.382683432,-0.923879533,
123.1111621,-0.555570233,-0.831469612,
123.3075117,-0.707106781,-0.707106781,
123.5038612,-0.831469612,-0.555570233,
123.7002107,-0.923879533,-0.382683432,
123.8965603,-0.98078528,-0.195090322,
124.0929098,-1,1.79E-12,
124.2892594,-0.98078528,0.195090322,
124.4856089,-0.923879533,0.382683432,
124.6819584,-0.831469612,0.555570233,
124.878308,-0.707106781,0.707106781,
125.0746575,-0.555570233,0.831469612,
125.2710071,-0.382683432,0.923879533,
125.4673566,-0.195090322,0.98078528,
125.6637061,1.84E-12,1,
125.8600557,0.195090322,0.98078528,
126.0564052,0.382683432,0.923879533,
126.2527548,0.555570233,0.831469612,
126.4491043,0.707106781,0.707106781,
126.6454538,0.831469612,0.555570233,
126.8418034,0.923879533,0.382683432,
127.0381529,0.98078528,0.195090322,
127.2345025,1,-1.89E-12,
127.430852,0.98078528,-0.195090322,
127.6272016,0.923879533,-0.382683432,
127.8235511,0.831469612,-0.555570233,
128.0199006,0.707106781,-0.707106781,
128.2162502,0.555570233,-0.831469612,
128.4125997,0.382683432,-0.923879533,
128.6089493,0.195090322,-0.98078528,
128.8052988,-1.89E-12,-1,
129.0016483,-0.195090322,-0.98078528,
129.1979979,-0.382683432,-0.923879533,
129.3943474,-0.555570233,-0.831469612,
129.590697,-0.707106781,-0.707106781,
129.7870465,-0.831469612,-0.555570233,
129.983396,-0.923879533,-0.382683432,
130.1797456,-0.98078528,-0.195090322,
130.3760951,-1,1.83E-12,
130.5724447,-0.98078528,0.195090322,
130.7687942,-0.923879533,0.382683432,
130.9651437,-0.831469612,0.555570233,
131.1614933,-0.707106781,0.707106781,
131.3578428,-0.555570233,0.831469612,
131.5541924,-0.382683432,0.923879533,
131.7505419,-0.195090322,0.98078528,
131.9468915,1.76E-12,1,
132.143241,0.195090322,0.98078528,
132.3395905,0.382683432,0.923879533,
132.5359401,0.555570233,0.831469612,
132.7322896,0.707106781,0.707106781,
132.9286392,0.831469612,0.555570233,
133.1249887,0.923879533,0.382683432,
133.3213382,0.98078528,0.195090322,
133.5176878,1,-1.70E-12,
133.7140373,0.98078528,-0.195090322,
133.9103869,0.923879533,-0.382683432,
134.1067364,0.831469612,-0.555570233,
134.3030859,0.707106781,-0.707106781,
134.4994355,0.555570233,-0.831469612,
134.695785,0.382683432,-0.923879533,
134.8921346,0.195090322,-0.98078528,
135.0884841,-1.64E-12,-1,
135.2848336,-0.195090322,-0.98078528,
135.4811832,-0.382683432,-0.923879533,
135.6775327,-0.555570233,-0.831469612,
135.8738823,-0.707106781,-0.707106781,
136.0702318,-0.831469612,-0.555570233,
136.2665813,-0.923879533,-0.382683432,
136.4629309,-0.98078528,-0.195090322,
136.6592804,-1,1.58E-12,
136.85563,-0.98078528,0.195090322,
137.0519795,-0.923879533,0.382683432,
137.2483291,-0.831469612,0.555570233,
137.4446786,-0.707106781,0.707106781,
137.6410281,-0.555570233,0.831469612,
137.8373777,-0.382683432,0.923879533,
138.0337272,-0.195090322,0.98078528,
138.2300768,1.52E-12,1,
138.4264263,0.195090322,0.98078528,
138.6227758,0.382683432,0.923879533,
138.8191254,0.555570233,0.831469612,
139.0154749,0.707106781,0.707106781,
139.2118245,0.831469612,0.555570233,
139.408174,0.923879533,0.382683432,
139.6045235,0.98078528,0.195090322,
139.8008731,1,-1.45E-12,
139.9972226,0.98078528,-0.195090322,
140.1935722,0.923879533,-0.382683432,
140.3899217,0.831469612,-0.555570233,
140.5862712,0.707106781,-0.707106781,
140.7826208,0.555570233,-0.831469612,
140.9789703,0.382683432,-0.923879533,
141.1753199,0.195090322,-0.98078528,
141.3716694,-1.39E-12,-1,
141.568019,-0.195090322,-0.98078528,
141.7643685,-0.382683432,-0.923879533,
141.960718,-0.555570233,-0.831469612,
142.1570676,-0.707106781,-0.707106781,
142.3534171,-0.831469612,-0.555570233,
142.5497667,-0.923879533,-0.382683432,
142.7461162,-0.98078528,-0.195090322,
142.9424657,-1,1.33E-12,
143.1388153,-0.98078528,0.195090322,
143.3351648,-0.923879533,0.382683432,
143.5315144,-0.831469612,0.555570233,
143.7278639,-0.707106781,0.707106781,
143.9242134,-0.555570233,0.831469612,
144.120563,-0.382683432,0.923879533,
144.3169125,-0.195090322,0.98078528,
144.5132621,1.27E-12,1,
144.7096116,0.195090322,0.98078528,
144.9059611,0.382683432,0.923879533,
145.1023107,0.555570233,0.831469612,
145.2986602,0.707106781,0.707106781,
145.4950098,0.831469612,0.555570233,
145.6913593,0.923879533,0.382683432,
145.8877089,0.98078528,0.195090322,
146.0840584,1,-1.20E-12,
146.2804079,0.98078528,-0.195090322,
146.4767575,0.923879533,-0.382683432,
146.673107,0.831469612,-0.555570233,
146.8694566,0.707106781,-0.707106781,
147.0658061,0.555570233,-0.831469612,
147.2621556,0.382683432,-0.923879533,
147.4585052,0.195090322,-0.98078528,
147.6548547,-1.14E-12,-1,
147.8512043,-0.195090322,-0.98078528,
148.0475538,-0.382683432,-0.923879533,
148.2439033,-0.555570233,-0.831469612,
148.4402529,-0.707106781,-0.707106781,
148.6366024,-0.831469612,-0.555570233,
148.832952,-0.923879533,-0.382683432,
149.0293015,-0.98078528,-0.195090322,
149.225651,-1,1.08E-12,
149.4220006,-0.98078528,0.195090322,
149.6183501,-0.923879533,0.382683432,
149.8146997,-0.831469612,0.555570233,
150.0110492,-0.707106781,0.707106781,
150.2073987,-0.555570233,0.831469612,
150.4037483,-0.382683432,0.923879533,
150.6000978,-0.195090322,0.98078528,
150.7964474,1.02E-12,1,
150.9927969,0.195090322,0.98078528,
151.1891465,0.382683432,0.923879533,
151.385496,0.555570233,0.831469612,
151.5818455,0.707106781,0.707106781,
151.7781951,0.831469612,0.555570233,
151.9745446,0.923879533,0.382683432,
152.1708942,0.98078528,0.195090322,
152.3672437,1,-9.55E-13,
152.5635932,0.98078528,-0.195090322,
152.7599428,0.923879533,-0.382683432,
152.9562923,0.831469612,-0.555570233,
153.1526419,0.707106781,-0.707106781,
153.3489914,0.555570233,-0.831469612,
153.5453409,0.382683432,-0.923879533,
153.7416905,0.195090322,-0.98078528,
153.93804,-8.93E-13,-1,
154.1343896,-0.195090322,-0.98078528,
154.3307391,-0.382683432,-0.923879533,
154.5270886,-0.555570233,-0.831469612,
154.7234382,-0.707106781,-0.707106781,
154.9197877,-0.831469612,-0.555570233,
155.1161373,-0.923879533,-0.382683432,
155.3124868,-0.98078528,-0.195090322,
155.5088364,-1,8.31E-13,
155.7051859,-0.98078528,0.195090322,
155.9015354,-0.923879533,0.382683432,
156.097885,-0.831469612,0.555570233,
156.2942345,-0.707106781,0.707106781,
156.4905841,-0.555570233,0.831469612,
156.6869336,-0.382683432,0.923879533,
156.8832831,-0.195090322,0.98078528,
157.0796327,7.68E-13,1,
157.2759822,0.195090322,0.98078528,
157.4723318,0.382683432,0.923879533,
157.6686813,0.555570233,0.831469612,
157.8650308,0.707106781,0.707106781,
158.0613804,0.831469612,0.555570233,
158.2577299,0.923879533,0.382683432,
158.4540795,0.98078528,0.195090322,
158.650429,1,-7.06E-13,
158.8467785,0.98078528,-0.195090322,
159.0431281,0.923879533,-0.382683432,
159.2394776,0.831469612,-0.555570233,
159.4358272,0.707106781,-0.707106781,
159.6321767,0.555570233,-0.831469612,
159.8285263,0.382683432,-0.923879533,
160.0248758,0.195090322,-0.98078528,
160.2212253,-6.44E-13,-1,
160.4175749,-0.195090322,-0.98078528,
160.6139244,-0.382683432,-0.923879533,
160.810274,-0.555570233,-0.831469612,
161.0066235,-0.707106781,-0.707106781,
161.202973,-0.831469612,-0.555570233,
161.3993226,-0.923879533,-0.382683432,
161.5956721,-0.98078528,-0.195090322,
161.7920217,-1,5.82E-13,
161.9883712,-0.98078528,0.195090322,
162.1847207,-0.923879533,0.382683432,
162.3810703,-0.831469612,0.555570233,
162.5774198,-0.707106781,0.707106781,
162.7737694,-0.555570233,0.831469612,
162.9701189,-0.382683432,0.923879533,
163.1664684,-0.195090322,0.98078528,
163.362818,5.19E-13,1,
163.5591675,0.195090322,0.98078528,
163.7555171,0.382683432,0.923879533,
163.9518666,0.555570233,0.831469612,
164.1482162,0.707106781,0.707106781,
164.3445657,0.831469612,0.555570233,
164.5409152,0.923879533,0.382683432,
164.7372648,0.98078528,0.195090322,
164.9336143,1,-4.57E-13,
165.1299639,0.98078528,-0.195090322,
165.3263134,0.923879533,-0.382683432,
165.5226629,0.831469612,-0.555570233,
165.7190125,0.707106781,-0.707106781,
165.915362,0.555570233,-0.831469612,
166.1117116,0.382683432,-0.923879533,
166.3080611,0.195090322,-0.98078528,
166.5044106,-3.95E-13,-1,
166.7007602,-0.195090322,-0.98078528,
166.8971097,-0.382683432,-0.923879533,
167.0934593,-0.555570233,-0.831469612,
167.2898088,-0.707106781,-0.707106781,
167.4861583,-0.831469612,-0.555570233,
167.6825079,-0.923879533,-0.382683432,
167.8788574,-0.98078528,-0.195090322,
168.075207,-1,3.33E-13,
168.2715565,-0.98078528,0.195090322,
168.467906,-0.923879533,0.382683432,
168.6642556,-0.831469612,0.555570233,
168.8606051,-0.707106781,0.707106781,
169.0569547,-0.555570233,0.831469612,
169.2533042,-0.382683432,0.923879533,
169.4496538,-0.195090322,0.98078528,
169.6460033,2.70E-13,1,
169.8423528,0.195090322,0.98078528,
170.0387024,0.382683432,0.923879533,
170.2350519,0.555570233,0.831469612,
170.4314015,0.707106781,0.707106781,
170.627751,0.831469612,0.555570233,
170.8241005,0.923879533,0.382683432,
171.0204501,0.98078528,0.195090322,
171.2167996,1,-2.08E-13,
171.4131492,0.98078528,-0.195090322,
171.6094987,0.923879533,-0.382683432,
171.8058482,0.831469612,-0.555570233,
172.0021978,0.707106781,-0.707106781,
172.1985473,0.555570233,-0.831469612,
172.3948969,0.382683432,-0.923879533,
172.5912464,0.195090322,-0.98078528,
172.7875959,-1.46E-13,-1,
172.9839455,-0.195090322,-0.98078528,
173.180295,-0.382683432,-0.923879533,
173.3766446,-0.555570233,-0.831469612,
173.5729941,-0.707106781,-0.707106781,
173.7693437,-0.831469612,-0.555570233,
173.9656932,-0.923879533,-0.382683432,
174.1620427,-0.98078528,-0.195090322,
174.3583923,-1,8.38E-14,
174.5547418,-0.98078528,0.195090322,
174.7510914,-0.923879533,0.382683432,
174.9474409,-0.831469612,0.555570233,
175.1437904,-0.707106781,0.707106781,
175.34014,-0.555570233,0.831469612,
175.5364895,-0.382683432,0.923879533,
175.7328391,-0.195090322,0.98078528,
175.9291886,2.16E-14,1,
176.1255381,0.195090322,0.98078528,
176.3218877,0.382683432,0.923879533,
176.5182372,0.555570233,0.831469612,
176.7145868,0.707106781,0.707106781,
176.9109363,0.831469612,0.555570233,
177.1072858,0.923879533,0.382683432,
177.3036354,0.98078528,0.195090322,
177.4999849,1,4.07E-14,
177.6963345,0.98078528,-0.195090322,
177.892684,0.923879533,-0.382683432,
178.0890336,0.831469612,-0.555570233,
178.2853831,0.707106781,-0.707106781,
178.4817326,0.555570233,-0.831469612,
178.6780822,0.382683432,-0.923879533,
178.8744317,0.195090322,-0.98078528,
179.0707813,1.03E-13,-1,
179.2671308,-0.195090322,-0.98078528,
179.4634803,-0.382683432,-0.923879533,
179.6598299,-0.555570233,-0.831469612,
179.8561794,-0.707106781,-0.707106781,
180.052529,-0.831469612,-0.555570233,
180.2488785,-0.923879533,-0.382683432,
180.445228,-0.98078528,-0.195090322,
180.6415776,-1,-1.65E-13,
180.8379271,-0.98078528,0.195090322,
181.0342767,-0.923879533,0.382683432,
181.2306262,-0.831469612,0.555570233,
181.4269757,-0.707106781,0.707106781,
181.6233253,-0.555570233,0.831469612,
181.8196748,-0.382683432,0.923879533,
182.0160244,-0.195090322,0.98078528,
182.2123739,-2.27E-13,1,
182.4087234,0.195090322,0.98078528,
182.605073,0.382683432,0.923879533,
182.8014225,0.555570233,0.831469612,
182.9977721,0.707106781,0.707106781,
183.1941216,0.831469612,0.555570233,
183.3904712,0.923879533,0.382683432,
183.5868207,0.98078528,0.195090322,
183.7831702,1,2.90E-13,
183.9795198,0.98078528,-0.195090322,
184.1758693,0.923879533,-0.382683432,
184.3722189,0.831469612,-0.555570233,
184.5685684,0.707106781,-0.707106781,
184.7649179,0.555570233,-0.831469612,
184.9612675,0.382683432,-0.923879533,
185.157617,0.195090322,-0.98078528,
185.3539666,3.52E-13,-1,
185.5503161,-0.195090322,-0.98078528,
185.7466656,-0.382683432,-0.923879533,
185.9430152,-0.555570233,-0.831469612,
186.1393647,-0.707106781,-0.707106781,
186.3357143,-0.831469612,-0.555570233,
186.5320638,-0.923879533,-0.382683432,
186.7284133,-0.98078528,-0.195090322,
186.9247629,-1,-4.14E-13,
187.1211124,-0.98078528,0.195090322,
187.317462,-0.923879533,0.382683432,
187.5138115,-0.831469612,0.555570233,
187.7101611,-0.707106781,0.707106781,
187.9065106,-0.555570233,0.831469612,
188.1028601,-0.382683432,0.923879533,
188.2992097,-0.195090322,0.98078528,
188.4955592,-4.76E-13,1,
188.6919088,0.195090322,0.98078528,
188.8882583,0.382683432,0.923879533,
189.0846078,0.555570233,0.831469612,
189.2809574,0.707106781,0.707106781,
189.4773069,0.831469612,0.555570233,
189.6736565,0.923879533,0.382683432,
189.870006,0.98078528,0.195090322,
190.0663555,1,5.39E-13,
190.2627051,0.98078528,-0.195090322,
190.4590546,0.923879533,-0.382683432,
190.6554042,0.831469612,-0.555570233,
190.8517537,0.707106781,-0.707106781,
191.0481032,0.555570233,-0.831469612,
191.2444528,0.382683432,-0.923879533,
191.4408023,0.195090322,-0.98078528,
191.6371519,6.01E-13,-1,
191.8335014,-0.195090322,-0.98078528,
192.029851,-0.382683432,-0.923879533,
192.2262005,-0.555570233,-0.831469612,
192.42255,-0.707106781,-0.707106781,
192.6188996,-0.831469612,-0.555570233,
192.8152491,-0.923879533,-0.382683432,
193.0115987,-0.98078528,-0.195090322,
193.2079482,-1,-6.63E-13,
193.4042977,-0.98078528,0.195090322,
193.6006473,-0.923879533,0.382683432,
193.7969968,-0.831469612,0.555570233,
193.9933464,-0.707106781,0.707106781,
194.1896959,-0.555570233,0.831469612,
194.3860454,-0.382683432,0.923879533,
194.582395,-0.195090322,0.98078528,
194.7787445,-7.25E-13,1,
194.9750941,0.195090322,0.98078528,
195.1714436,0.382683432,0.923879533,
195.3677931,0.555570233,0.831469612,
195.5641427,0.707106781,0.707106781,
195.7604922,0.831469612,0.555570233,
195.9568418,0.923879533,0.382683432,
196.1531913,0.98078528,0.195090322,
196.3495408,1,7.87E-13,
196.5458904,0.98078528,-0.195090322,
196.7422399,0.923879533,-0.382683432,
196.9385895,0.831469612,-0.555570233,
197.134939,0.707106781,-0.707106781,
197.3312886,0.555570233,-0.831469612,
197.5276381,0.382683432,-0.923879533,
197.7239876,0.195090322,-0.98078528,
197.9203372,8.50E-13,-1,
198.1166867,-0.195090322,-0.98078528,
198.3130363,-0.382683432,-0.923879533,
198.5093858,-0.555570233,-0.831469612,
198.7057353,-0.707106781,-0.707106781,
198.9020849,-0.831469612,-0.555570233,
199.0984344,-0.923879533,-0.382683432,
199.294784,-0.98078528,-0.195090322,
199.4911335,-1,-9.12E-13,
199.687483,-0.98078528,0.195090322,
199.8838326,-0.923879533,0.382683432,
200.0801821,-0.831469612,0.555570233,
200.2765317,-0.707106781,0.707106781,
200.4728812,-0.555570233,0.831469612,
200.6692307,-0.382683432,0.923879533,
200.8655803,-0.195090322,0.98078528,
201.0619298,-9.74E-13,1,
201.2582794,0.195090322,0.98078528,
201.4546289,0.382683432,0.923879533,
201.6509785,0.555570233,0.831469612,
201.847328,0.707106781,0.707106781,
202.0436775,0.831469612,0.555570233,
202.2400271,0.923879533,0.382683432,
202.4363766,0.98078528,0.195090322,
202.6327262,1,1.04E-12,
202.8290757,0.98078528,-0.195090322,
203.0254252,0.923879533,-0.382683432,
203.2217748,0.831469612,-0.555570233,
203.4181243,0.707106781,-0.707106781,
203.6144739,0.555570233,-0.831469612,
203.8108234,0.382683432,-0.923879533,
204.0071729,0.195090322,-0.98078528,
204.2035225,1.10E-12,-1,
204.399872,-0.195090322,-0.98078528,
204.5962216,-0.382683432,-0.923879533,
204.7925711,-0.555570233,-0.831469612,
204.9889206,-0.707106781,-0.707106781,
205.1852702,-0.831469612,-0.555570233,
205.3816197,-0.923879533,-0.382683432,
205.5779693,-0.98078528,-0.195090322,
205.7743188,-1,-1.16E-12,
205.9706684,-0.98078528,0.195090322,
206.1670179,-0.923879533,0.382683432,
206.3633674,-0.831469612,0.555570233,
206.559717,-0.707106781,0.707106781,
206.7560665,-0.555570233,0.831469612,
206.9524161,-0.382683432,0.923879533,
207.1487656,-0.195090322,0.98078528,
207.3451151,-1.22E-12,1,
207.5414647,0.195090322,0.98078528,
207.7378142,0.382683432,0.923879533,
207.9341638,0.555570233,0.831469612,
208.1305133,0.707106781,0.707106781,
208.3268628,0.831469612,0.555570233,
208.5232124,0.923879533,0.382683432,
208.7195619,0.98078528,0.195090322,
208.9159115,1,1.29E-12,
209.112261,0.98078528,-0.195090322,
209.3086105,0.923879533,-0.382683432,
209.5049601,0.831469612,-0.555570233,
209.7013096,0.707106781,-0.707106781,
209.8976592,0.555570233,-0.831469612,
210.0940087,0.382683432,-0.923879533,
210.2903582,0.195090322,-0.98078528,
210.4867078,1.35E-12,-1,
210.6830573,-0.195090322,-0.98078528,
210.8794069,-0.382683432,-0.923879533,
211.0757564,-0.555570233,-0.831469612,
211.272106,-0.707106781,-0.707106781,
211.4684555,-0.831469612,-0.555570233,
211.664805,-0.923879533,-0.382683432,
211.8611546,-0.98078528,-0.195090322,
212.0575041,-1,-1.41E-12,
212.2538537,-0.98078528,0.195090322,
212.4502032,-0.923879533,0.382683432,
212.6465527,-0.831469612,0.555570233,
212.8429023,-0.707106781,0.707106781,
213.0392518,-0.555570233,0.831469612,
213.2356014,-0.382683432,0.923879533,
213.4319509,-0.195090322,0.98078528,
213.6283004,-1.47E-12,1,
213.82465,0.195090322,0.98078528,
214.0209995,0.382683432,0.923879533,
214.2173491,0.555570233,0.831469612,
214.4136986,0.707106781,0.707106781,
214.6100481,0.831469612,0.555570233,
214.8063977,0.923879533,0.382683432,
215.0027472,0.98078528,0.195090322,
215.1990968,1,1.53E-12,
215.3954463,0.98078528,-0.195090322,
215.5917959,0.923879533,-0.382683432,
215.7881454,0.831469612,-0.555570233,
215.9844949,0.707106781,-0.707106781,
216.1808445,0.555570233,-0.831469612,
216.377194,0.382683432,-0.923879533,
216.5735436,0.195090322,-0.98078528,
216.7698931,1.60E-12,-1,
216.9662426,-0.195090322,-0.98078528,
217.1625922,-0.382683432,-0.923879533,
217.3589417,-0.555570233,-0.831469612,
217.5552913,-0.707106781,-0.707106781,
217.7516408,-0.831469612,-0.555570233,
217.9479903,-0.923879533,-0.382683432,
218.1443399,-0.98078528,-0.195090322,
218.3406894,-1,-1.66E-12,
218.537039,-0.98078528,0.195090322,
218.7333885,-0.923879533,0.382683432,
218.929738,-0.831469612,0.555570233,
219.1260876,-0.707106781,0.707106781,
219.3224371,-0.555570233,0.831469612,
219.5187867,-0.382683432,0.923879533,
219.7151362,-0.195090322,0.98078528,
